source,shared_from,date,text,reactions,likes,ahah,love,wow,sigh,grrr,comments,url
Donald J. Trump,,"2,Ñ‡.",A vote against the National Emergency is a vote for OPEN BORDERS!,"9,8Â Ñ‚Ñ‹Ñ.","7,5Â Ñ‚Ñ‹Ñ.",231,383,198,139,"1,3Â Ñ‚Ñ‹Ñ.",ĞšĞ¾Ğ¼Ğ¼ĞµĞ½Ñ‚Ğ°Ñ€Ğ¸Ğ¸: 2Â 537,/story.php?story_fbid=10162276678840725&id=153080620724
Donald J. Trump,,"4,Ñ‡.","Wow! The AFL-CIO is opposing the radical Democrat's Green New Deal. Paychecks under my presidency are going up and 2018 was the best year for growing manufacturing jobs in two decades!Ğ£Ñ… Ñ‚Ñ‹! "" Ğ’ÑĞ»-Ğ´Ğ¸Ñ‚ "" Ğ²Ñ‹ÑÑ‚ÑƒĞ¿Ğ°ĞµÑ‚ Ğ¿Ñ€Ğ¾Ñ‚Ğ¸Ğ² "" Ğ·ĞµĞ»ĞµĞ½Ğ¾Ğ¹ Ğ½Ğ¾Ğ²Ğ¾Ğ¹ ÑĞ´ĞµĞ»ĞºĞ¸ "" Ñ€Ğ°Ğ´Ğ¸ĞºĞ°Ğ»ÑŒĞ½Ñ‹Ñ… Ğ´ĞµĞ¼Ğ¾ĞºÑ€Ğ°Ñ‚Ğ¾Ğ². Ğ—Ğ°Ñ€Ğ¿Ğ»Ğ°Ñ‚Ğ° Ğ¿Ğ¾Ğ´ Ğ¼Ğ¾Ğ¸Ğ¼ Ğ¿Ñ€ĞµĞ´ÑĞµĞ´Ğ°Ñ‚ĞµĞ»ÑŒÑÑ‚Ğ²Ğ¾Ğ¼ Ğ¿Ğ¾Ğ´Ğ½Ğ¸Ğ¼Ğ°ĞµÑ‚ÑÑ Ğ¸ 2018 Ğ³Ğ¾Ğ´ Ğ±Ñ‹Ğ» Ğ»ÑƒÑ‡ÑˆĞ¸Ğ¼ Ğ³Ğ¾Ğ´Ğ¾Ğ¼ Ğ´Ğ»Ñ Ñ€Ğ¾ÑÑ‚Ğ° Ğ¿Ñ€Ğ¾Ğ¸Ğ·Ğ²Ğ¾Ğ´ÑÑ‚Ğ²ĞµĞ½Ğ½Ñ‹Ñ… Ñ€Ğ°Ğ±Ğ¾Ñ‡Ğ¸Ñ… Ğ¼ĞµÑÑ‚ Ğ·Ğ° Ğ´Ğ²Ğ° Ğ´ĞµÑÑÑ‚Ğ¸Ğ»ĞµÑ‚Ğ¸Ñ!",10Â Ñ‚Ñ‹Ñ.,"8,5Â Ñ‚Ñ‹Ñ.",274,"1,3Â Ñ‚Ñ‹Ñ.",60,4,24,ĞšĞ¾Ğ¼Ğ¼ĞµĞ½Ñ‚Ğ°Ñ€Ğ¸Ğ¸: 1Â 007,/story.php?story_fbid=10162275887300725&id=153080620724
Donald J. Trump,,"8,Ñ‡.","A big National Emergency vote today by The United States Senate on Border Security & the Wall (which is already under major construction). I am prepared to veto, if necessary. The Southern Border is a National Security and Humanitarian Nightmare, but it can be easily fixed!",49Â Ñ‚Ñ‹Ñ.,43Â Ñ‚Ñ‹Ñ.,610,"5,9Â Ñ‚Ñ‹Ñ.",45,16,107,ĞšĞ¾Ğ¼Ğ¼ĞµĞ½Ñ‚Ğ°Ñ€Ğ¸Ğ¸: 6Â 719,/story.php?story_fbid=10162275539430725&id=153080620724
Donald J. Trump,,"6,Ñ‡.",My 2020 budget request reflects my pledge to promote the interests of American working families!,"8,2Â Ñ‚Ñ‹Ñ.","6,8Â Ñ‚Ñ‹Ñ.",219,"1,1Â Ñ‚Ñ‹Ñ.",15,6,40,ĞšĞ¾Ğ¼Ğ¼ĞµĞ½Ñ‚Ğ°Ñ€Ğ¸Ğ¸: 1Â 186,/story.php?story_fbid=10162274737875725&id=153080620724
Donald J. Trump,,"5,Ñ‡.",I am issuing an emergency order grounding all flights of the Boeing 737 MAX 8 & MAX 9 airplanes. Safety is my highest priority!,16Â Ñ‚Ñ‹Ñ.,14Â Ñ‚Ñ‹Ñ.,195,"1,5Â Ñ‚Ñ‹Ñ.",141,22,26,ĞšĞ¾Ğ¼Ğ¼ĞµĞ½Ñ‚Ğ°Ñ€Ğ¸Ğ¸: 1Â 963,/story.php?story_fbid=10162275905640725&id=153080620724
Donald J. Trump,,"13,Ğ¼Ğ°Ñ€Ñ‚Ğ°,Ğ²,16:33","President Donald J. Trumpâ€™s schedule for Wednesday, March 13th: -Receive intelligence briefing  -Receive a briefing on drug trafficking on the Southern Border  -Meet with Republican Members of the Senate on Trade  -Participate in a photo opportunity with the 2019 Spring White House Internship Class",10Â Ñ‚Ñ‹Ñ.,"8,8Â Ñ‚Ñ‹Ñ.",252,"1,2Â Ñ‚Ñ‹Ñ.",29,8,24,ĞšĞ¾Ğ¼Ğ¼ĞµĞ½Ñ‚Ğ°Ñ€Ğ¸Ğ¸: 1Â 517,/story.php?story_fbid=10162273152645725&id=153080620724
Donald J. Trump,,"13,Ğ¼Ğ°Ñ€Ñ‚Ğ°,Ğ²,21:02",The only thing Democrats care about is obstructing and resisting. They refuse to deliver for the AMERICAN PEOPLE!,"7,8Â Ñ‚Ñ‹Ñ.","6,8Â Ñ‚Ñ‹Ñ.",176,624,37,70,99,ĞšĞ¾Ğ¼Ğ¼ĞµĞ½Ñ‚Ğ°Ñ€Ğ¸Ğ¸: 1Â 218,/story.php?story_fbid=10162273442345725&id=153080620724
Donald J. Trump,,"9,Ñ‡.","President Donald J. Trump's schedule for Thursday, March 14th: -Meet with the Prime Minister of Ireland -Participate in the Friends of Ireland Luncheon at the U.S. Capitol -Participate in the Shamrock Bowl Presentation at The White House","8,6Â Ñ‚Ñ‹Ñ.","7,4Â Ñ‚Ñ‹Ñ.",175,1Â Ñ‚Ñ‹Ñ.,12,5,11,ĞšĞ¾Ğ¼Ğ¼ĞµĞ½Ñ‚Ğ°Ñ€Ğ¸Ğ¸: 1Â 032,/story.php?story_fbid=10162274732140725&id=153080620724
Donald J. Trump,,"13,Ğ¼Ğ°Ñ€Ñ‚Ğ°,Ğ²,18:12","""In particular, special adviser and first daughter Ivanka Trump has been pushing the policy since the 2016 presidential campaign, and she renewed her efforts after the president mentioned it in his State of the Union address this year.""",11Â Ñ‚Ñ‹Ñ.,10Â Ñ‚Ñ‹Ñ.,259,"1,1Â Ñ‚Ñ‹Ñ.",39,24,78,ĞšĞ¾Ğ¼Ğ¼ĞµĞ½Ñ‚Ğ°Ñ€Ğ¸Ğ¸: 1Â 340,/story.php?story_fbid=10162273370040725&id=153080620724
Donald J. Trump,,"13,Ğ¼Ğ°Ñ€Ñ‚Ğ°,Ğ²,03:26",My proposed 2020 budget reflects my commitment to defend the great people of our country!,18Â Ñ‚Ñ‹Ñ.,15Â Ñ‚Ñ‹Ñ.,346,"2,6Â Ñ‚Ñ‹Ñ.",56,18,85,ĞšĞ¾Ğ¼Ğ¼ĞµĞ½Ñ‚Ğ°Ñ€Ğ¸Ğ¸: 2Â 517,/story.php?story_fbid=10162271603440725&id=153080620724
Donald J. Trump,,"12,Ğ¼Ğ°Ñ€Ñ‚Ğ°,Ğ²,22:39",I am totally on board!,114Â Ñ‚Ñ‹Ñ.,100Â Ñ‚Ñ‹Ñ.,"1,9Â Ñ‚Ñ‹Ñ.",11Â Ñ‚Ñ‹Ñ.,200,121,347,ĞšĞ¾Ğ¼Ğ¼ĞµĞ½Ñ‚Ğ°Ñ€Ğ¸Ğ¸: 11Â 227,/story.php?story_fbid=10162270654270725&id=153080620724
Donald J. Trump,,"12,Ğ¼Ğ°Ñ€Ñ‚Ğ°,Ğ²,15:04","President Donald J. Trumpâ€™s schedule for Tuesday, March 12th: -The President is presented with the Boy Scoutsâ€™ Report to the Nation -Participate in a signing ceremony of The John D. Dingell, Jr. Conservation, Management, and Recreation Act",10Â Ñ‚Ñ‹Ñ.,9Â Ñ‚Ñ‹Ñ.,241,"1,2Â Ñ‚Ñ‹Ñ.",28,3,28,ĞšĞ¾Ğ¼Ğ¼ĞµĞ½Ñ‚Ğ°Ñ€Ğ¸Ğ¸: 1Â 430,/story.php?story_fbid=10162269445060725&id=153080620724
Donald J. Trump,,"12,Ğ¼Ğ°Ñ€Ñ‚Ğ°,Ğ²,18:17","The Trump economy is HOT, and voters are taking notice!",14Â Ñ‚Ñ‹Ñ.,12Â Ñ‚Ñ‹Ñ.,428,"1,8Â Ñ‚Ñ‹Ñ.",31,7,36,ĞšĞ¾Ğ¼Ğ¼ĞµĞ½Ñ‚Ğ°Ñ€Ğ¸Ğ¸: 1Â 744,/story.php?story_fbid=10162267013165725&id=153080620724
Donald J. Trump,,"12,Ğ¼Ğ°Ñ€Ñ‚Ğ°,Ğ²,20:08",The wall is well under construction and being built as we speak!,100Â Ñ‚Ñ‹Ñ.,84Â Ñ‚Ñ‹Ñ.,"1,9Â Ñ‚Ñ‹Ñ.",13Â Ñ‚Ñ‹Ñ.,315,37,142,ĞšĞ¾Ğ¼Ğ¼ĞµĞ½Ñ‚Ğ°Ñ€Ğ¸Ğ¸: 7Â 157,/story.php?story_fbid=10162267822550725&id=153080620724
Donald J. Trump,,"12,Ğ¼Ğ°Ñ€Ñ‚Ğ°,Ğ²,20:58",Today is the last day to order your St. Paddyâ€™s Day Limited Edition Hat in time for St. Patrickâ€™s Day! Shop here NOW: https://shop.donaldjtrump.com/products/st-paddys-maga-hat-2019,16Â Ñ‚Ñ‹Ñ.,13Â Ñ‚Ñ‹Ñ.,965,2Â Ñ‚Ñ‹Ñ.,81,16,81,ĞšĞ¾Ğ¼Ğ¼ĞµĞ½Ñ‚Ğ°Ñ€Ğ¸Ğ¸: 2Â 491,/story.php?story_fbid=10162270288995725&id=153080620724
Donald J. Trump,,"12,Ğ¼Ğ°Ñ€Ñ‚Ğ°,Ğ²,03:46",My budget request promotes responsible Government spending by prioritizing effective programs and eliminating wasteful programs!,11Â Ñ‚Ñ‹Ñ.,"9,2Â Ñ‚Ñ‹Ñ.",309,"1,6Â Ñ‚Ñ‹Ñ.",35,7,65,ĞšĞ¾Ğ¼Ğ¼ĞµĞ½Ñ‚Ğ°Ñ€Ğ¸Ğ¸: 2Â 182,/story.php?story_fbid=10162267972895725&id=153080620724
Donald J. Trump,,"11,Ğ¼Ğ°Ñ€Ñ‚Ğ°,Ğ²,19:52","""Chief executives of major companies said at a White House forum on Wednesday that they are hiring more Americans without college degrees as they search to find increasingly scarce applicants for open jobs."" GREAT news!",45Â Ñ‚Ñ‹Ñ.,40Â Ñ‚Ñ‹Ñ.,466,"3,9Â Ñ‚Ñ‹Ñ.",255,11,44,ĞšĞ¾Ğ¼Ğ¼ĞµĞ½Ñ‚Ğ°Ñ€Ğ¸Ğ¸: 3Â 656,/story.php?story_fbid=10162266367310725&id=153080620724
Donald J. Trump,,"12,Ğ¼Ğ°Ñ€Ñ‚Ğ°,Ğ²,01:31","My 2020 Federal budget is fiscally responsible and pro-American. More importantly, it will help American families!",21Â Ñ‚Ñ‹Ñ.,17Â Ñ‚Ñ‹Ñ.,512,"3,1Â Ñ‚Ñ‹Ñ.",72,14,94,ĞšĞ¾Ğ¼Ğ¼ĞµĞ½Ñ‚Ğ°Ñ€Ğ¸Ğ¸: 2Â 312,/story.php?story_fbid=10162267530290725&id=153080620724
Donald J. Trump,,"11,Ğ¼Ğ°Ñ€Ñ‚Ğ°,Ğ²,22:46",The Democrat Party needs to treat Israel with much more RESPECT!,33Â Ñ‚Ñ‹Ñ.,28Â Ñ‚Ñ‹Ñ.,1Â Ñ‚Ñ‹Ñ.,"3,4Â Ñ‚Ñ‹Ñ.",204,380,411,ĞšĞ¾Ğ¼Ğ¼ĞµĞ½Ñ‚Ğ°Ñ€Ğ¸Ğ¸: 4Â 732,/story.php?story_fbid=10162266722815725&id=153080620724
Donald J. Trump,,"11,Ğ¼Ğ°Ñ€Ñ‚Ğ°,Ğ²,23:39",I am keeping my promises for the American people!,60Â Ñ‚Ñ‹Ñ.,49Â Ñ‚Ñ‹Ñ.,993,10Â Ñ‚Ñ‹Ñ.,96,16,95,ĞšĞ¾Ğ¼Ğ¼ĞµĞ½Ñ‚Ğ°Ñ€Ğ¸Ğ¸: 5Â 485,/story.php?story_fbid=10162266731410725&id=153080620724
Donald J. Trump,,"11,Ğ¼Ğ°Ñ€Ñ‚Ğ°,Ğ²,18:13","This week I put AMERICA FIRST and worked to better the lives of our great Veterans. Together, our country's future is unlimited!",14Â Ñ‚Ñ‹Ñ.,12Â Ñ‚Ñ‹Ñ.,308,2Â Ñ‚Ñ‹Ñ.,22,8,33,ĞšĞ¾Ğ¼Ğ¼ĞµĞ½Ñ‚Ğ°Ñ€Ğ¸Ğ¸: 1Â 687,/story.php?story_fbid=10162261702690725&id=153080620724
Donald J. Trump,,"10,Ğ¼Ğ°Ñ€Ñ‚Ğ°,Ğ²,18:51","For the first time in many decades, Americans have a president that is standing up for them!",38Â Ñ‚Ñ‹Ñ.,32Â Ñ‚Ñ‹Ñ.,744,"5,6Â Ñ‚Ñ‹Ñ.",49,15,49,ĞšĞ¾Ğ¼Ğ¼ĞµĞ½Ñ‚Ğ°Ñ€Ğ¸Ğ¸: 3Â 567,/story.php?story_fbid=10162237667815725&id=153080620724
Donald J. Trump,,"10,Ğ¼Ğ°Ñ€Ñ‚Ğ°,Ğ²,22:47","""As outlined in its National Security Strategy (NSS), the Trump administration is a strong advocate of the idea that the United States can be a catalyst, by creating conditions for bottom-up positive transformations in other societies rather than by imposing top-down change.""",17Â Ñ‚Ñ‹Ñ.,15Â Ñ‚Ñ‹Ñ.,428,2Â Ñ‚Ñ‹Ñ.,67,8,46,ĞšĞ¾Ğ¼Ğ¼ĞµĞ½Ñ‚Ğ°Ñ€Ğ¸Ğ¸: 2Â 314,/story.php?story_fbid=10162262906340725&id=153080620724
Donald J. Trump,,"10,Ğ¼Ğ°Ñ€Ñ‚Ğ°,Ğ²,04:05",My administration is taking BURDENSOME REGULATIONS off the backs of hard-working American patriots!,20Â Ñ‚Ñ‹Ñ.,16Â Ñ‚Ñ‹Ñ.,347,"2,9Â Ñ‚Ñ‹Ñ.",37,7,76,ĞšĞ¾Ğ¼Ğ¼ĞµĞ½Ñ‚Ğ°Ñ€Ğ¸Ğ¸: 2Â 388,/story.php?story_fbid=10162237639395725&id=153080620724
Donald J. Trump,,"10,Ğ¼Ğ°Ñ€Ñ‚Ğ°,Ğ²,21:32",We will not allow the FAKE NEWS to get in the way of our tremendous success. MAKE AMERICA GREAT AGAIN!,49Â Ñ‚Ñ‹Ñ.,41Â Ñ‚Ñ‹Ñ.,1Â Ñ‚Ñ‹Ñ.,"6,5Â Ñ‚Ñ‹Ñ.",81,47,106,ĞšĞ¾Ğ¼Ğ¼ĞµĞ½Ñ‚Ğ°Ñ€Ğ¸Ğ¸: 4Â 669,/story.php?story_fbid=10162254711955725&id=153080620724
Donald J. Trump,,"10,Ğ¼Ğ°Ñ€Ñ‚Ğ°,Ğ²,00:04",Our economy is BOOMING since my election!,38Â Ñ‚Ñ‹Ñ.,31Â Ñ‚Ñ‹Ñ.,857,"5,6Â Ñ‚Ñ‹Ñ.",82,8,57,ĞšĞ¾Ğ¼Ğ¼ĞµĞ½Ñ‚Ğ°Ñ€Ğ¸Ğ¸: 3Â 694,/story.php?story_fbid=10162237684715725&id=153080620724
Donald J. Trump,,"9,Ğ¼Ğ°Ñ€Ñ‚Ğ°,Ğ²,01:13","""The Democratic Party's ill-fated attempt to stop President Donald Trump's emergency declaration calls into question whether liberal politicians in Washington actually care about protecting Americans from violent crime.""",22Â Ñ‚Ñ‹Ñ.,14Â Ñ‚Ñ‹Ñ.,335,294,272,"2,7Â Ñ‚Ñ‹Ñ.","4,8Â Ñ‚Ñ‹Ñ.",ĞšĞ¾Ğ¼Ğ¼ĞµĞ½Ñ‚Ğ°Ñ€Ğ¸Ğ¸: 4Â 379,/story.php?story_fbid=10162253922240725&id=153080620724
Donald J. Trump,,"9,Ğ¼Ğ°Ñ€Ñ‚Ğ°,Ğ²,03:31",Alabama has an entire nation behind them. God bless you all. We love you!,51Â Ñ‚Ñ‹Ñ.,39Â Ñ‚Ñ‹Ñ.,125,"7,5Â Ñ‚Ñ‹Ñ.",224,"4,4Â Ñ‚Ñ‹Ñ.",37,ĞšĞ¾Ğ¼Ğ¼ĞµĞ½Ñ‚Ğ°Ñ€Ğ¸Ğ¸: 2Â 897,/story.php?story_fbid=10162255175925725&id=153080620724
Donald J. Trump,,"9,Ğ¼Ğ°Ñ€Ñ‚Ğ°,Ğ²,04:52","JOBS, JOBS, JOBS!Ğ Ğ°Ğ±Ğ¾Ñ‡Ğ¸Ğµ Ğ¼ĞµÑÑ‚Ğ°, Ñ€Ğ°Ğ±Ğ¾Ñ‡Ğ¸Ğµ Ğ¼ĞµÑÑ‚Ğ°, Ñ€Ğ°Ğ±Ğ¾Ñ‡Ğ¸Ğµ Ğ¼ĞµÑÑ‚Ğ°!",25Â Ñ‚Ñ‹Ñ.,21Â Ñ‚Ñ‹Ñ.,418,"3,6Â Ñ‚Ñ‹Ñ.",126,9,32,ĞšĞ¾Ğ¼Ğ¼ĞµĞ½Ñ‚Ğ°Ñ€Ğ¸Ğ¸: 2Â 622,/story.php?story_fbid=10162255461545725&id=153080620724
Donald J. Trump,,"9,Ğ¼Ğ°Ñ€Ñ‚Ğ°,Ğ²,19:05",My proven record of conservatism has led to MASSIVE support for my re-election by Republicans. Our party is united!,21Â Ñ‚Ñ‹Ñ.,17Â Ñ‚Ñ‹Ñ.,563,"3,1Â Ñ‚Ñ‹Ñ.",38,5,46,ĞšĞ¾Ğ¼Ğ¼ĞµĞ½Ñ‚Ğ°Ñ€Ğ¸Ğ¸: 2Â 623,/story.php?story_fbid=10162254522090725&id=153080620724
Donald J. Trump,,"8,Ğ¼Ğ°Ñ€Ñ‚Ğ°,Ğ²,21:14","Today, we celebrate and honor women worldwide for their vital role in shaping and strengthening our communities, families, governments, and businesses. Happy International Womenâ€™s Day!",64Â Ñ‚Ñ‹Ñ.,50Â Ñ‚Ñ‹Ñ.,688,13Â Ñ‚Ñ‹Ñ.,118,11,44,ĞšĞ¾Ğ¼Ğ¼ĞµĞ½Ñ‚Ğ°Ñ€Ğ¸Ğ¸: 4Â 170,/story.php?story_fbid=10162253846180725&id=153080620724
Donald J. Trump,,"8,Ğ¼Ğ°Ñ€Ñ‚Ğ°,Ğ²,04:23",KEEP AMERICA SAFE!,32Â Ñ‚Ñ‹Ñ.,27Â Ñ‚Ñ‹Ñ.,555,"4,2Â Ñ‚Ñ‹Ñ.",153,54,109,ĞšĞ¾Ğ¼Ğ¼ĞµĞ½Ñ‚Ğ°Ñ€Ğ¸Ğ¸: 3Â 360,/story.php?story_fbid=10162250881955725&id=153080620724
Donald J. Trump,,"8,Ğ¼Ğ°Ñ€Ñ‚Ğ°,Ğ²,23:17",My administration is making tremendous strides to promote womenâ€™s empowerment on a global scale! #InternationalWomensDay,"8,4Â Ñ‚Ñ‹Ñ.","6,6Â Ñ‚Ñ‹Ñ.",349,"1,3Â Ñ‚Ñ‹Ñ.",22,7,23,ĞšĞ¾Ğ¼Ğ¼ĞµĞ½Ñ‚Ğ°Ñ€Ğ¸Ğ¸: 1Â 277,/story.php?story_fbid=10162254294765725&id=153080620724
Donald J. Trump,,"8,Ğ¼Ğ°Ñ€Ñ‚Ğ°,Ğ²,18:47",The Wall is being built and is well under construction. Big impact will be made. Many additional contracts are close to being signed. Far ahead of schedule despite all of the Democrat Obstruction and Fake News!,80Â Ñ‚Ñ‹Ñ.,65Â Ñ‚Ñ‹Ñ.,"1,2Â Ñ‚Ñ‹Ñ.",13Â Ñ‚Ñ‹Ñ.,139,20,100,ĞšĞ¾Ğ¼Ğ¼ĞµĞ½Ñ‚Ğ°Ñ€Ğ¸Ğ¸: 8Â 036,/story.php?story_fbid=10162253331995725&id=153080620724
Donald J. Trump,,"7,Ğ¼Ğ°Ñ€Ñ‚Ğ°,Ğ²,21:37","The only thing ""immoral"" about Border Security is the politicians that do NOTHING as innocent Americans are victimized by failed policies!",26Â Ñ‚Ñ‹Ñ.,20Â Ñ‚Ñ‹Ñ.,191,"1,2Â Ñ‚Ñ‹Ñ.",116,"4,1Â Ñ‚Ñ‹Ñ.",456,ĞšĞ¾Ğ¼Ğ¼ĞµĞ½Ñ‚Ğ°Ñ€Ğ¸Ğ¸: 2Â 745,/story.php?story_fbid=10162247037455725&id=153080620724
Donald J. Trump,,"7,Ğ¼Ğ°Ñ€Ñ‚Ğ°,Ğ²,17:31","President Donald J. Trumpâ€™s schedule for Thursday, March 7th: -Meet with the Secretary of the Treasury -Receive intelligence briefing -Lunch with the Secretary of State -Participate in a bilateral meeting with the Prime Minister of the Czech Republic -Meet with the Acting Secretary of Defense -Participate in a photo opportunity with the 2019 Senate Youth Program",10Â Ñ‚Ñ‹Ñ.,"8,7Â Ñ‚Ñ‹Ñ.",222,"1,3Â Ñ‚Ñ‹Ñ.",40,3,23,ĞšĞ¾Ğ¼Ğ¼ĞµĞ½Ñ‚Ğ°Ñ€Ğ¸Ğ¸: 1Â 763,/story.php?story_fbid=10162248943735725&id=153080620724
Donald J. Trump,,"7,Ğ¼Ğ°Ñ€Ñ‚Ğ°,Ğ²,08:39","Democrats just blocked Fox News from holding a debate. Good, then I think Iâ€™ll do the same thing with the Fake News Networks and the Radical Left Democrats in the General Election debates!",103Â Ñ‚Ñ‹Ñ.,84Â Ñ‚Ñ‹Ñ.,"5,8Â Ñ‚Ñ‹Ñ.",12Â Ñ‚Ñ‹Ñ.,638,87,448,ĞšĞ¾Ğ¼Ğ¼ĞµĞ½Ñ‚Ğ°Ñ€Ğ¸Ğ¸: 10Â 877,/story.php?story_fbid=10162247930715725&id=153080620724
Donald J. Trump,,"7,Ğ¼Ğ°Ñ€Ñ‚Ğ°,Ğ²,05:22",Today I participated in an American Workforce Policy Advisory Board Meeting. Companies are pouring back into our country at a RECORD level!,14Â Ñ‚Ñ‹Ñ.,11Â Ñ‚Ñ‹Ñ.,323,2Â Ñ‚Ñ‹Ñ.,37,11,34,ĞšĞ¾Ğ¼Ğ¼ĞµĞ½Ñ‚Ğ°Ñ€Ğ¸Ğ¸: 2Â 067,/story.php?story_fbid=10162247015425725&id=153080620724
Donald J. Trump,,"7,Ğ¼Ğ°Ñ€Ñ‚Ğ°,Ğ²,04:13",It is shameful that House Democrats wonâ€™t take a stronger stand against Anti-Semitism in their conference. Anti-Semitism has fueled atrocities throughout history and itâ€™s inconceivable they will not act to condemn it!,35Â Ñ‚Ñ‹Ñ.,30Â Ñ‚Ñ‹Ñ.,476,"1,7Â Ñ‚Ñ‹Ñ.",178,691,"2,4Â Ñ‚Ñ‹Ñ.",ĞšĞ¾Ğ¼Ğ¼ĞµĞ½Ñ‚Ğ°Ñ€Ğ¸Ğ¸: 4Â 736,/story.php?story_fbid=10162247029695725&id=153080620724
Donald J. Trump,,"6,Ğ¼Ğ°Ñ€Ñ‚Ğ°,Ğ²,22:55","With radical policy proposals like the Green New Deal, the Democrat party has become TOTALLY UNHINGED.",17Â Ñ‚Ñ‹Ñ.,14Â Ñ‚Ñ‹Ñ.,888,"1,8Â Ñ‚Ñ‹Ñ.",81,53,103,ĞšĞ¾Ğ¼Ğ¼ĞµĞ½Ñ‚Ğ°Ñ€Ğ¸Ğ¸: 2Â 987,/story.php?story_fbid=10162237701900725&id=153080620724
Donald J. Trump,,"6,Ğ¼Ğ°Ñ€Ñ‚Ğ°,Ğ²,18:52","President Donald J. Trumpâ€™s schedule for Wednesday, March 6th: -Greet former U.S. hostage in Yemen, Danny Burch and his family -Meet with Representative Adam Kinzinger -Participate in an American Workforce Policy Advisory Board Meeting","8,5Â Ñ‚Ñ‹Ñ.","7,1Â Ñ‚Ñ‹Ñ.",187,"1,1Â Ñ‚Ñ‹Ñ.",16,3,20,ĞšĞ¾Ğ¼Ğ¼ĞµĞ½Ñ‚Ğ°Ñ€Ğ¸Ğ¸: 1Â 302,/story.php?story_fbid=10162244083670725&id=153080620724
Donald J. Trump,,"7,Ğ¼Ğ°Ñ€Ñ‚Ğ°,Ğ²,03:21",Republicans must stay united on the VERY IMPORTANT issue of Border Security!,21Â Ñ‚Ñ‹Ñ.,18Â Ñ‚Ñ‹Ñ.,405,"2,4Â Ñ‚Ñ‹Ñ.",30,15,73,ĞšĞ¾Ğ¼Ğ¼ĞµĞ½Ñ‚Ğ°Ñ€Ğ¸Ğ¸: 2Â 606,/story.php?story_fbid=10162246467570725&id=153080620724
Donald J. Trump,,"6,Ğ¼Ğ°Ñ€Ñ‚Ğ°,Ğ²,19:54","""Our economy is so strong that more than a million American households are no longer dependent on food stamps, and newly employed workers can proudly say that President Donald Trump is the reason they can feed their families without government assistance.""",Aric Chen æ›‰å¤© Ğ¸ ĞµÑ‰Ñ‘ 51Â Ñ‚Ñ‹Ñ.,44Â Ñ‚Ñ‹Ñ.,784,"6,2Â Ñ‚Ñ‹Ñ.",198,16,66,ĞšĞ¾Ğ¼Ğ¼ĞµĞ½Ñ‚Ğ°Ñ€Ğ¸Ğ¸: 3Â 878,/story.php?story_fbid=10162245275875725&id=153080620724
Donald J. Trump,,"7,Ğ¼Ğ°Ñ€Ñ‚Ğ°,Ğ²,18:37",Our economy is RED HOT. We are putting people back to work!,22Â Ñ‚Ñ‹Ñ.,20Â Ñ‚Ñ‹Ñ.,454,"2,3Â Ñ‚Ñ‹Ñ.",57,6,39,ĞšĞ¾Ğ¼Ğ¼ĞµĞ½Ñ‚Ğ°Ñ€Ğ¸Ğ¸: 2Â 443,/story.php?story_fbid=10162249124810725&id=153080620724
Donald J. Trump,,"7,Ğ¼Ğ°Ñ€Ñ‚Ğ°,Ğ²,00:10","""Ms. Trump, President Trumpâ€™s daughter and a top White House adviser, will convene the first meeting Wednesday of the American Workforce Policy Advisory Board, which aims to develop plans for how U.S. employers and the government can better train workersâ€”and those still on the sidelinesâ€”and match them with 7.3 million unfilled jobs in the country.""",25Â Ñ‚Ñ‹Ñ.,22Â Ñ‚Ñ‹Ñ.,459,"2,6Â Ñ‚Ñ‹Ñ.",85,6,50,ĞšĞ¾Ğ¼Ğ¼ĞµĞ½Ñ‚Ğ°Ñ€Ğ¸Ğ¸: 2Â 305,/story.php?story_fbid=10162246223045725&id=153080620724
Donald J. Trump,,"6,Ğ¼Ğ°Ñ€Ñ‚Ğ°,Ğ²,03:26",Today I signed an Executive Order to help prevent one of our nationâ€™s most heartbreaking tragedies: VETERANS SUICIDE. To every Veteranâ€”I want you to know that you have an entire nation of more than 300 million people behind you!,33Â Ñ‚Ñ‹Ñ.,26Â Ñ‚Ñ‹Ñ.,86,"5,8Â Ñ‚Ñ‹Ñ.",50,624,30,ĞšĞ¾Ğ¼Ğ¼ĞµĞ½Ñ‚Ğ°Ñ€Ğ¸Ğ¸: 2Â 856,/story.php?story_fbid=10162243006320725&id=153080620724
Donald J. Trump,,"5,Ğ¼Ğ°Ñ€Ñ‚Ğ°,Ğ²,22:50","To all those impacted by the tornadoes in Alabama, we are here for you. God bless you all!",25Â Ñ‚Ñ‹Ñ.,21Â Ñ‚Ñ‹Ñ.,265,"3,9Â Ñ‚Ñ‹Ñ.",42,137,49,ĞšĞ¾Ğ¼Ğ¼ĞµĞ½Ñ‚Ğ°Ñ€Ğ¸Ğ¸: 2Â 037,/story.php?story_fbid=10162241661085725&id=153080620724
Donald J. Trump,,"5,Ğ¼Ğ°Ñ€Ñ‚Ğ°,Ğ²,21:03",Israel should NEVER be treated with such disrespect!,65Â Ñ‚Ñ‹Ñ.,53Â Ñ‚Ñ‹Ñ.,"2,2Â Ñ‚Ñ‹Ñ.","8,1Â Ñ‚Ñ‹Ñ.",360,620,711,ĞšĞ¾Ğ¼Ğ¼ĞµĞ½Ñ‚Ğ°Ñ€Ğ¸Ğ¸: 7Â 420,/story.php?story_fbid=10162241670395725&id=153080620724
Donald J. Trump,,"5,Ğ¼Ğ°Ñ€Ñ‚Ğ°,Ğ²,19:48",Very soon I will be signing an Executive Order requiring colleges and universities to support Free Speech on their campuses if they want federal research money!,36Â Ñ‚Ñ‹Ñ.,29Â Ñ‚Ñ‹Ñ.,502,6Â Ñ‚Ñ‹Ñ.,85,10,63,ĞšĞ¾Ğ¼Ğ¼ĞµĞ½Ñ‚Ğ°Ñ€Ğ¸Ğ¸: 4Â 075,/story.php?story_fbid=10162237738945725&id=153080620724
Donald J. Trump,,"6,Ğ¼Ğ°Ñ€Ñ‚Ğ°,Ğ²,00:31",MAKE AMERICA GREAT AGAIN!,104Â Ñ‚Ñ‹Ñ.,83Â Ñ‚Ñ‹Ñ.,"2,4Â Ñ‚Ñ‹Ñ.",18Â Ñ‚Ñ‹Ñ.,248,20,79,ĞšĞ¾Ğ¼Ğ¼ĞµĞ½Ñ‚Ğ°Ñ€Ğ¸Ğ¸: 7Â 596,/story.php?story_fbid=10162241674475725&id=153080620724
Donald J. Trump,,"5,Ğ¼Ğ°Ñ€Ñ‚Ğ°,Ğ²,02:35",The FAKE NEWS will give me no credit for the progress we have made with North Korea. Other presidents have not come close to what my administration has done!,30Â Ñ‚Ñ‹Ñ.,26Â Ñ‚Ñ‹Ñ.,800,"3,4Â Ñ‚Ñ‹Ñ.",89,53,82,ĞšĞ¾Ğ¼Ğ¼ĞµĞ½Ñ‚Ğ°Ñ€Ğ¸Ğ¸: 3Â 960,/story.php?story_fbid=10162238538600725&id=153080620724
Donald J. Trump,,"5,Ğ¼Ğ°Ñ€Ñ‚Ğ°,Ğ²,07:00",Socialism is a radical and failing ideology. But the Democrat party is totally embracing it!,12Â Ñ‚Ñ‹Ñ.,10Â Ñ‚Ñ‹Ñ.,592,952,174,272,414,ĞšĞ¾Ğ¼Ğ¼ĞµĞ½Ñ‚Ğ°Ñ€Ğ¸Ğ¸: 2Â 976,/story.php?story_fbid=10162237225975725&id=153080620724
Donald J. Trump,,"5,Ğ¼Ğ°Ñ€Ñ‚Ğ°,Ğ²,05:04",Socialism is about power for the ruling class. I will continue to say that America will NEVER be a socialist country!,27Â Ñ‚Ñ‹Ñ.,22Â Ñ‚Ñ‹Ñ.,690,"4,3Â Ñ‚Ñ‹Ñ.",56,27,73,ĞšĞ¾Ğ¼Ğ¼ĞµĞ½Ñ‚Ğ°Ñ€Ğ¸Ğ¸: 3Â 556,/story.php?story_fbid=10162237728700725&id=153080620724
Donald J. Trump,,"5,Ğ¼Ğ°Ñ€Ñ‚Ğ°,Ğ²,18:04","President Donald J. Trumpâ€™s schedule for Tuesday, March 5th: -Participate in a signing ceremony for an Executive Order on a â€œNational Roadmap to Empower Veterans and End Veteran Suicideâ€",11Â Ñ‚Ñ‹Ñ.,"9,2Â Ñ‚Ñ‹Ñ.",221,"1,8Â Ñ‚Ñ‹Ñ.",29,7,25,ĞšĞ¾Ğ¼Ğ¼ĞµĞ½Ñ‚Ğ°Ñ€Ğ¸Ğ¸: 1Â 423,/story.php?story_fbid=10162241102145725&id=153080620724
Donald J. Trump,,"5,Ğ¼Ğ°Ñ€Ñ‚Ğ°,Ğ²,00:39",I am working hard for our great American farmers!,21Â Ñ‚Ñ‹Ñ.,17Â Ñ‚Ñ‹Ñ.,550,3Â Ñ‚Ñ‹Ñ.,48,11,41,ĞšĞ¾Ğ¼Ğ¼ĞµĞ½Ñ‚Ğ°Ñ€Ğ¸Ğ¸: 2Â 092,/story.php?story_fbid=10162237744125725&id=153080620724
Donald J. Trump,,"4,Ğ¼Ğ°Ñ€Ñ‚Ğ°,Ğ²,23:20","""Today, the Democrat Party is drifting further to the extreme left than ever before, and the American people deserve an open and honest debate applying that same level of scrutiny to the radical policies Democrats are running on in the 2020 presidential election.""",24Â Ñ‚Ñ‹Ñ.,22Â Ñ‚Ñ‹Ñ.,498,"1,6Â Ñ‚Ñ‹Ñ.",99,39,94,ĞšĞ¾Ğ¼Ğ¼ĞµĞ½Ñ‚Ğ°Ñ€Ğ¸Ğ¸: 2Â 224,/story.php?story_fbid=10162237425640725&id=153080620724
Donald J. Trump,,"4,Ğ¼Ğ°Ñ€Ñ‚Ğ°,Ğ²,20:51",It was my great honor to speak at CPAC. This is the future of our historic MOVEMENT!,13Â Ñ‚Ñ‹Ñ.,10Â Ñ‚Ñ‹Ñ.,341,"2,5Â Ñ‚Ñ‹Ñ.",21,11,44,ĞšĞ¾Ğ¼Ğ¼ĞµĞ½Ñ‚Ğ°Ñ€Ğ¸Ğ¸: 2Â 026,/story.php?story_fbid=10162237327970725&id=153080620724
Donald J. Trump,,"4,Ğ¼Ğ°Ñ€Ñ‚Ğ°,Ğ²,18:08","President Donald J. Trumpâ€™s schedule for Monday, March 4th: -Participate in a photo opportunity with the 2018 Division I FCS National Champions: The North Dakota State Bison -Lunch with the Vice President -Receive intelligence briefing -Sign Executive Order on â€œSupporting the Transition of Active Duty Service Members and Military Veterans into the Merchant Marineâ€ -Deliver remarks at the National Association of Attorneys General",10Â Ñ‚Ñ‹Ñ.,"9,1Â Ñ‚Ñ‹Ñ.",261,"1,4Â Ñ‚Ñ‹Ñ.",38,4,20,ĞšĞ¾Ğ¼Ğ¼ĞµĞ½Ñ‚Ğ°Ñ€Ğ¸Ğ¸: 1Â 837,/story.php?story_fbid=10162236757445725&id=153080620724
Donald J. Trump,,"4,Ğ¼Ğ°Ñ€Ñ‚Ğ°,Ğ²,21:46","Socialism will NEVER Make America Great. Thank you, Ivanka!",22Â Ñ‚Ñ‹Ñ.,18Â Ñ‚Ñ‹Ñ.,661,"2,9Â Ñ‚Ñ‹Ñ.",43,16,56,ĞšĞ¾Ğ¼Ğ¼ĞµĞ½Ñ‚Ğ°Ñ€Ğ¸Ğ¸: 3Â 114,/story.php?story_fbid=10162237509620725&id=153080620724
Donald J. Trump,,"4,Ğ¼Ğ°Ñ€Ñ‚Ğ°,Ğ²,02:51",Happy National Anthem Day!,130Â Ñ‚Ñ‹Ñ.,106Â Ñ‚Ñ‹Ñ.,"1,3Â Ñ‚Ñ‹Ñ.",23Â Ñ‚Ñ‹Ñ.,151,25,61,ĞšĞ¾Ğ¼Ğ¼ĞµĞ½Ñ‚Ğ°Ñ€Ğ¸Ğ¸: 7Â 106,/story.php?story_fbid=10162233250960725&id=153080620724
Donald J. Trump,,"2,Ğ¼Ğ°Ñ€Ñ‚Ğ°,Ğ²,04:00","Despite the radical Democrats and their far-left proposals, America will NEVER be a socialist country!",21Â Ñ‚Ñ‹Ñ.,17Â Ñ‚Ñ‹Ñ.,730,"3,3Â Ñ‚Ñ‹Ñ.",74,12,51,ĞšĞ¾Ğ¼Ğ¼ĞµĞ½Ñ‚Ğ°Ñ€Ğ¸Ğ¸: 3Â 826,/story.php?story_fbid=10162226243440725&id=153080620724
Donald J. Trump,,"2,Ğ¼Ğ°Ñ€Ñ‚Ğ°,Ğ²,17:02","President Donald J. Trump's schedule for Saturday, March 2nd: -Deliver remarks at the Conservative Political Action Conference",11Â Ñ‚Ñ‹Ñ.,"9,6Â Ñ‚Ñ‹Ñ.",363,"1,7Â Ñ‚Ñ‹Ñ.",30,10,42,ĞšĞ¾Ğ¼Ğ¼ĞµĞ½Ñ‚Ğ°Ñ€Ğ¸Ğ¸: 2Â 235,/story.php?story_fbid=10162227048790725&id=153080620724
Donald J. Trump,,"2,Ğ¼Ğ°Ñ€Ñ‚Ğ°,Ğ²,22:07","""Add a new company to the list of â€œbig techâ€ entities that have promised to cut off conservatives: PayPal.""",16Â Ñ‚Ñ‹Ñ.,"7,9Â Ñ‚Ñ‹Ñ.",362,257,"1,6Â Ñ‚Ñ‹Ñ.",333,"6,2Â Ñ‚Ñ‹Ñ.",ĞšĞ¾Ğ¼Ğ¼ĞµĞ½Ñ‚Ğ°Ñ€Ğ¸Ğ¸: 3Â 075,/story.php?story_fbid=10162222220090725&id=153080620724
Donald J. Trump,,"3,Ğ¼Ğ°Ñ€Ñ‚Ğ°,Ğ²,02:08",This week my administration recognized the extraordinary contributions of African Americans to American life and we vowed to help bring freedom back to Venezuela!,12Â Ñ‚Ñ‹Ñ.,10Â Ñ‚Ñ‹Ñ.,330,"1,7Â Ñ‚Ñ‹Ñ.",34,8,47,ĞšĞ¾Ğ¼Ğ¼ĞµĞ½Ñ‚Ğ°Ñ€Ğ¸Ğ¸: 2Â 266,/story.php?story_fbid=10162227165620725&id=153080620724
Donald J. Trump,,"1,Ğ¼Ğ°Ñ€Ñ‚Ğ°,Ğ²,22:40",I am not going to sign a deal for the sake of signing a deal. We need an agreement that works and is good for the country!,22Â Ñ‚Ñ‹Ñ.,19Â Ñ‚Ñ‹Ñ.,400,"2,9Â Ñ‚Ñ‹Ñ.",35,4,26,ĞšĞ¾Ğ¼Ğ¼ĞµĞ½Ñ‚Ğ°Ñ€Ğ¸Ğ¸: 2Â 419,/story.php?story_fbid=10162225252305725&id=153080620724
Donald J. Trump,,"2,Ğ¼Ğ°Ñ€Ñ‚Ğ°,Ğ²,00:47",American women want safety and security for their families. I am delivering on my promise to Make America Safe!,23Â Ñ‚Ñ‹Ñ.,19Â Ñ‚Ñ‹Ñ.,555,"2,9Â Ñ‚Ñ‹Ñ.",36,9,41,ĞšĞ¾Ğ¼Ğ¼ĞµĞ½Ñ‚Ğ°Ñ€Ğ¸Ğ¸: 2Â 644,/story.php?story_fbid=10162222215080725&id=153080620724
Donald J. Trump,,"1,Ğ¼Ğ°Ñ€Ñ‚Ğ°,Ğ²,19:04","""President Donald Trumpâ€™s â€œpeace through strengthâ€ approach has achieved more tangible results in the past two years than all the other efforts combined.""",39Â Ñ‚Ñ‹Ñ.,34Â Ñ‚Ñ‹Ñ.,1Â Ñ‚Ñ‹Ñ.,"4,2Â Ñ‚Ñ‹Ñ.",80,11,44,ĞšĞ¾Ğ¼Ğ¼ĞµĞ½Ñ‚Ğ°Ñ€Ğ¸Ğ¸: 3Â 055,/story.php?story_fbid=10162222983180725&id=153080620724
Donald J. Trump,,"1,Ğ¼Ğ°Ñ€Ñ‚Ğ°,Ğ²,04:48",Great news! GDP growth increased by 3.1% year-over-year in 2018 beating expectations for the fourth quarter. This is the largest increase since 2005. America is Back!,46Â Ñ‚Ñ‹Ñ.,38Â Ñ‚Ñ‹Ñ.,685,"6,6Â Ñ‚Ñ‹Ñ.",198,13,55,ĞšĞ¾Ğ¼Ğ¼ĞµĞ½Ñ‚Ğ°Ñ€Ğ¸Ğ¸: 4Â 572,/story.php?story_fbid=10162222441045725&id=153080620724
Donald J. Trump,,"1,Ğ¼Ğ°Ñ€Ñ‚Ğ°,Ğ²,22:05",The Fake News Media only cares about their radical left-wing political agenda!,19Â Ñ‚Ñ‹Ñ.,16Â Ñ‚Ñ‹Ñ.,703,976,177,339,475,ĞšĞ¾Ğ¼Ğ¼ĞµĞ½Ñ‚Ğ°Ñ€Ğ¸Ğ¸: 2Â 263,/story.php?story_fbid=10162222205390725&id=153080620724
Donald J. Trump,,"3,Ğ¼Ğ°Ñ€Ñ‚Ğ°,Ğ²,19:34",We are putting Americans back to work!,42Â Ñ‚Ñ‹Ñ.,36Â Ñ‚Ñ‹Ñ.,469,"4,8Â Ñ‚Ñ‹Ñ.",69,8,31,ĞšĞ¾Ğ¼Ğ¼ĞµĞ½Ñ‚Ğ°Ñ€Ğ¸Ğ¸: 2Â 880,/story.php?story_fbid=10162232623110725&id=153080620724
Donald J. Trump,,"28,Ñ„ĞµĞ²Ñ€Ğ°Ğ»Ñ,Ğ²,03:35",Our relationship with North Korea is the best it has ever been! The media WILL NOT give us credit for the progress that has been made.,37Â Ñ‚Ñ‹Ñ.,32Â Ñ‚Ñ‹Ñ.,805,"4,5Â Ñ‚Ñ‹Ñ.",114,43,76,ĞšĞ¾Ğ¼Ğ¼ĞµĞ½Ñ‚Ğ°Ñ€Ğ¸Ğ¸: 4Â 089,/story.php?story_fbid=10162217492310725&id=153080620724
Donald J. Trump,,"28,Ñ„ĞµĞ²Ñ€Ğ°Ğ»Ñ,Ğ²,21:51",I had a very productive summit with Chairman Kim in Vietnam. But sometimes you need to be prepared to walk!,27Â Ñ‚Ñ‹Ñ.,23Â Ñ‚Ñ‹Ñ.,741,3Â Ñ‚Ñ‹Ñ.,75,53,46,ĞšĞ¾Ğ¼Ğ¼ĞµĞ½Ñ‚Ğ°Ñ€Ğ¸Ğ¸: 3Â 981,/story.php?story_fbid=10162221058185725&id=153080620724
Donald J. Trump,,"28,Ñ„ĞµĞ²Ñ€Ğ°Ğ»Ñ,Ğ²,23:56","Thank you for the hospitality, Vietnam!",45Â Ñ‚Ñ‹Ñ.,38Â Ñ‚Ñ‹Ñ.,601,"6,4Â Ñ‚Ñ‹Ñ.",136,13,36,ĞšĞ¾Ğ¼Ğ¼ĞµĞ½Ñ‚Ğ°Ñ€Ğ¸Ğ¸: 2Â 940,/story.php?story_fbid=10162221120125725&id=153080620724
Donald J. Trump,,"28,Ñ„ĞµĞ²Ñ€Ğ°Ğ»Ñ,Ğ²,04:32",I look forward to continuing my dialogue with Chairman Kim at the rest of our summit!,36Â Ñ‚Ñ‹Ñ.,31Â Ñ‚Ñ‹Ñ.,713,"4,4Â Ñ‚Ñ‹Ñ.",106,16,48,ĞšĞ¾Ğ¼Ğ¼ĞµĞ½Ñ‚Ğ°Ñ€Ğ¸Ğ¸: 4Â 528,/story.php?story_fbid=10162217469600725&id=153080620724
Donald J. Trump,,"27,Ñ„ĞµĞ²Ñ€Ğ°Ğ»Ñ,Ğ²,20:24",It is great to be with Chairman Kim again. I look forward to a successful second summit!,37Â Ñ‚Ñ‹Ñ.,31Â Ñ‚Ñ‹Ñ.,772,"4,5Â Ñ‚Ñ‹Ñ.",133,11,63,ĞšĞ¾Ğ¼Ğ¼ĞµĞ½Ñ‚Ğ°Ñ€Ğ¸Ğ¸: 3Â 919,/story.php?story_fbid=10162216865880725&id=153080620724
Donald J. Trump,,"27,Ñ„ĞµĞ²Ñ€Ğ°Ğ»Ñ,Ğ²,22:29",Big trade deal signed with the country of Vietnam. Another huge win for America!,75Â Ñ‚Ñ‹Ñ.,63Â Ñ‚Ñ‹Ñ.,727,10Â Ñ‚Ñ‹Ñ.,343,12,46,ĞšĞ¾Ğ¼Ğ¼ĞµĞ½Ñ‚Ğ°Ñ€Ğ¸Ğ¸: 4Â 715,/story.php?story_fbid=10162217260080725&id=153080620724
Donald J. Trump,,"28,Ñ„ĞµĞ²Ñ€Ğ°Ğ»Ñ,Ğ²,00:28","For 40 years, past presidents did NOTHING with regard to North Korea. My administration is making BIG progress!",116Â Ñ‚Ñ‹Ñ.,100Â Ñ‚Ñ‹Ñ.,"2,2Â Ñ‚Ñ‹Ñ.",14Â Ñ‚Ñ‹Ñ.,296,17,83,ĞšĞ¾Ğ¼Ğ¼ĞµĞ½Ñ‚Ğ°Ñ€Ğ¸Ğ¸: 8Â 218,/story.php?story_fbid=10162217117900725&id=153080620724
Donald J. Trump,,"28,Ñ„ĞµĞ²Ñ€Ğ°Ğ»Ñ,Ğ²,02:15",Vietnam is one of the fastest growing economies in the world. North Korea has the same wonderful potential for economic success!,26Â Ñ‚Ñ‹Ñ.,23Â Ñ‚Ñ‹Ñ.,573,"2,9Â Ñ‚Ñ‹Ñ.",131,7,36,ĞšĞ¾Ğ¼Ğ¼ĞµĞ½Ñ‚Ğ°Ñ€Ğ¸Ğ¸: 2Â 510,/story.php?story_fbid=10162217390230725&id=153080620724
"Donald J. Trump,Daniel Scavino Jr.",Daniel Scavino Jr.,"27,Ñ„ĞµĞ²Ñ€Ğ°Ğ»Ñ,Ğ²,19:48",En route to the Hanoi Summit earlier this evening in Vietnam....,25Â Ñ‚Ñ‹Ñ.,21Â Ñ‚Ñ‹Ñ.,215,3Â Ñ‚Ñ‹Ñ.,770,9,28,ĞšĞ¾Ğ¼Ğ¼ĞµĞ½Ñ‚Ğ°Ñ€Ğ¸Ğ¸: 2Â 074,/story.php?story_fbid=10162216764015725&id=153080620724
Donald J. Trump,,"27,Ñ„ĞµĞ²Ñ€Ğ°Ğ»Ñ,Ğ²,06:14","""The setting of President Trumpâ€™s second summit with North Korean leader Kim Jong Un offers a symbolic reminder of how much the two leaders can accomplish.""",54Â Ñ‚Ñ‹Ñ.,49Â Ñ‚Ñ‹Ñ.,870,4Â Ñ‚Ñ‹Ñ.,199,14,73,ĞšĞ¾Ğ¼Ğ¼ĞµĞ½Ñ‚Ğ°Ñ€Ğ¸Ğ¸: 3Â 897,/story.php?story_fbid=10162214279570725&id=153080620724
Donald J. Trump,,"27,Ñ„ĞµĞ²Ñ€Ğ°Ğ»Ñ,Ğ²,01:51","""The automaker says it will hire 6,500 workers and invest $4.5 billion by adding a new assembly plant in Detroit and boosting production at five existing factories.""",60Â Ñ‚Ñ‹Ñ.,53Â Ñ‚Ñ‹Ñ.,225,"6,2Â Ñ‚Ñ‹Ñ.",815,6,22,ĞšĞ¾Ğ¼Ğ¼ĞµĞ½Ñ‚Ğ°Ñ€Ğ¸Ğ¸: 3Â 426,/story.php?story_fbid=10162213474230725&id=153080620724
Donald J. Trump,,"26,Ñ„ĞµĞ²Ñ€Ğ°Ğ»Ñ,Ğ²,22:02","It is my honor to announce that Danny Burch, a United States citizen who has been held hostage in Yemen for 18 months, has been recovered and reunited with his wife and children.",98Â Ñ‚Ñ‹Ñ.,79Â Ñ‚Ñ‹Ñ.,247,18Â Ñ‚Ñ‹Ñ.,678,8,34,ĞšĞ¾Ğ¼Ğ¼ĞµĞ½Ñ‚Ğ°Ñ€Ğ¸Ğ¸: 5Â 215,/story.php?story_fbid=10162212867190725&id=153080620724
Donald J. Trump,,"27,Ñ„ĞµĞ²Ñ€Ğ°Ğ»Ñ,Ğ²,04:01",In Vietnam for my meeting with Kim Jong Un. Looking forward to a very productive Summit!,99Â Ñ‚Ñ‹Ñ.,85Â Ñ‚Ñ‹Ñ.,1Â Ñ‚Ñ‹Ñ.,12Â Ñ‚Ñ‹Ñ.,460,18,61,ĞšĞ¾Ğ¼Ğ¼ĞµĞ½Ñ‚Ğ°Ñ€Ğ¸Ğ¸: 7Â 776,/story.php?story_fbid=10162213874975725&id=153080620724
Donald J. Trump,,"26,Ñ„ĞµĞ²Ñ€Ğ°Ğ»Ñ,Ğ²,04:45",At the end of the last administration we were heading for a total disaster with North Korea! Today we have a much different situation.,35Â Ñ‚Ñ‹Ñ.,28Â Ñ‚Ñ‹Ñ.,"2,1Â Ñ‚Ñ‹Ñ.","4,7Â Ñ‚Ñ‹Ñ.",61,16,44,ĞšĞ¾Ğ¼Ğ¼ĞµĞ½Ñ‚Ğ°Ñ€Ğ¸Ğ¸: 4Â 248,/story.php?story_fbid=10162209167315725&id=153080620724
Donald J. Trump,,"26,Ñ„ĞµĞ²Ñ€Ğ°Ğ»Ñ,Ğ²,03:08","We will be having ""A Salute To America"" gathering on July 4th in Washington, D.C. at the Lincoln Memorial. Hold the date!",42Â Ñ‚Ñ‹Ñ.,32Â Ñ‚Ñ‹Ñ.,1Â Ñ‚Ñ‹Ñ.,"8,7Â Ñ‚Ñ‹Ñ.",143,9,39,ĞšĞ¾Ğ¼Ğ¼ĞµĞ½Ñ‚Ğ°Ñ€Ğ¸Ğ¸: 3Â 603,/story.php?story_fbid=10162210055525725&id=153080620724
Donald J. Trump,,"26,Ñ„ĞµĞ²Ñ€Ğ°Ğ»Ñ,Ğ²,01:05","I am pleased to report that the U.S. has made substantial progress in our trade talks with China on important structural issues including intellectual property protection, technology transfer, agriculture, services, currency, and many other issues. As a result of these very productive talks, I will be delaying the U.S. increase in tariffs now scheduled for March 1. Assuming both sides make additional progress, we will be planning a Summit for President Xi and myself, at Mar-a-Lago, to conclude an agreement. A very good weekend for U.S. & China!",28Â Ñ‚Ñ‹Ñ.,23Â Ñ‚Ñ‹Ñ.,419,"3,5Â Ñ‚Ñ‹Ñ.",60,8,45,ĞšĞ¾Ğ¼Ğ¼ĞµĞ½Ñ‚Ğ°Ñ€Ğ¸Ğ¸: 2Â 605,/story.php?story_fbid=10162209198065725&id=153080620724
Donald J. Trump,,"25,Ñ„ĞµĞ²Ñ€Ğ°Ğ»Ñ,Ğ²,22:52",I will VETO any resolution from Congress that does not allow the U.S. to have strong borders!,48Â Ñ‚Ñ‹Ñ.,40Â Ñ‚Ñ‹Ñ.,640,"7,9Â Ñ‚Ñ‹Ñ.",66,10,99,ĞšĞ¾Ğ¼Ğ¼ĞµĞ½Ñ‚Ğ°Ñ€Ğ¸Ğ¸: 4Â 759,/story.php?story_fbid=10162209118225725&id=153080620724
Donald J. Trump,,"27,Ñ„ĞµĞ²Ñ€Ğ°Ğ»Ñ,Ğ²,00:04",Senate Democrats voted against legislation to prevent the killing of newborn infant children. The Democrat position on abortion is now so extreme that they donâ€™t mind executing babies AFTER birth. This will be remembered as one of the most shocking votes in the history of Congress.,63Â Ñ‚Ñ‹Ñ.,38Â Ñ‚Ñ‹Ñ.,364,"2,2Â Ñ‚Ñ‹Ñ.",951,11Â Ñ‚Ñ‹Ñ.,9Â Ñ‚Ñ‹Ñ.,ĞšĞ¾Ğ¼Ğ¼ĞµĞ½Ñ‚Ğ°Ñ€Ğ¸Ğ¸: 9Â 153,/story.php?story_fbid=10162213083655725&id=153080620724
Donald J. Trump,,"25,Ñ„ĞµĞ²Ñ€Ğ°Ğ»Ñ,Ğ²,20:46","The fake news media and radical left-wing politicians want me to fail so badly. But, I will never let the American people down!",21Â Ñ‚Ñ‹Ñ.,18Â Ñ‚Ñ‹Ñ.,498,3Â Ñ‚Ñ‹Ñ.,52,15,51,ĞšĞ¾Ğ¼Ğ¼ĞµĞ½Ñ‚Ğ°Ñ€Ğ¸Ğ¸: 2Â 659,/story.php?story_fbid=10162205121175725&id=153080620724
Donald J. Trump,,"25,Ñ„ĞµĞ²Ñ€Ğ°Ğ»Ñ,Ğ²,16:33","President Donald J. Trump's schedule for Monday, February 25th: -Participate in 2019 White House Business Session with Our Nationâ€™s Governors -Depart Washington, D.C. en route to Hanoi, Vietnam",15Â Ñ‚Ñ‹Ñ.,12Â Ñ‚Ñ‹Ñ.,293,"1,9Â Ñ‚Ñ‹Ñ.",55,2,27,ĞšĞ¾Ğ¼Ğ¼ĞµĞ½Ñ‚Ğ°Ñ€Ğ¸Ğ¸: 2Â 342,/story.php?story_fbid=10162206633225725&id=153080620724
Donald J. Trump,,"25,Ñ„ĞµĞ²Ñ€Ğ°Ğ»Ñ,Ğ²,01:14","For the first time, in a very long time, our country is WINNING again!",40Â Ñ‚Ñ‹Ñ.,33Â Ñ‚Ñ‹Ñ.,751,"6,3Â Ñ‚Ñ‹Ñ.",81,12,69,ĞšĞ¾Ğ¼Ğ¼ĞµĞ½Ñ‚Ğ°Ñ€Ğ¸Ğ¸: 4Â 119,/story.php?story_fbid=10162190715765725&id=153080620724
Donald J. Trump,,"26,Ñ„ĞµĞ²Ñ€Ğ°Ğ»Ñ,Ğ²,20:18",We are achieving extraordinary prosperity in the U.S. as a result of putting AMERICA First!,33Â Ñ‚Ñ‹Ñ.,27Â Ñ‚Ñ‹Ñ.,511,"4,9Â Ñ‚Ñ‹Ñ.",80,6,38,ĞšĞ¾Ğ¼Ğ¼ĞµĞ½Ñ‚Ğ°Ñ€Ğ¸Ğ¸: 2Â 765,/story.php?story_fbid=10162212694295725&id=153080620724
Donald J. Trump,,"24,Ñ„ĞµĞ²Ñ€Ğ°Ğ»Ñ,Ğ²,20:12","""Anti-conservative censorship online has gone from bad to worse. As major social media platforms start to target me for censorship, I shudder to think what it means for millions of other Americans, especially as we approach the 2020 presidential campaign.""",33Â Ñ‚Ñ‹Ñ.,23Â Ñ‚Ñ‹Ñ.,612,535,"1,9Â Ñ‚Ñ‹Ñ.",794,"6,5Â Ñ‚Ñ‹Ñ.",ĞšĞ¾Ğ¼Ğ¼ĞµĞ½Ñ‚Ğ°Ñ€Ğ¸Ğ¸: 4Â 719,/story.php?story_fbid=10162201650830725&id=153080620724
Donald J. Trump,,"24,Ñ„ĞµĞ²Ñ€Ğ°Ğ»Ñ,Ğ²,03:11","""While legal immigrants are required to receive an extensive series of inoculations, including the measles vaccine, there is no way to ensure that illegal immigrants are free from measles or other contagious diseases.""",34Â Ñ‚Ñ‹Ñ.,29Â Ñ‚Ñ‹Ñ.,368,"1,2Â Ñ‚Ñ‹Ñ.",621,341,"2,7Â Ñ‚Ñ‹Ñ.",ĞšĞ¾Ğ¼Ğ¼ĞµĞ½Ñ‚Ğ°Ñ€Ğ¸Ğ¸: 4Â 424,/story.php?story_fbid=10162197182005725&id=153080620724
Donald J. Trump,,"23,Ñ„ĞµĞ²Ñ€Ğ°Ğ»Ñ,Ğ²,19:03",This month we honor the legacy of African Americans who bravely battled oppression to usher in a new dawn of freedom for America.,15Â Ñ‚Ñ‹Ñ.,12Â Ñ‚Ñ‹Ñ.,279,2Â Ñ‚Ñ‹Ñ.,31,8,48,ĞšĞ¾Ğ¼Ğ¼ĞµĞ½Ñ‚Ğ°Ñ€Ğ¸Ğ¸: 2Â 041,/story.php?story_fbid=10162196291415725&id=153080620724
Donald J. Trump,,"23,Ñ„ĞµĞ²Ñ€Ğ°Ğ»Ñ,Ğ²,01:15",Our economy is one of the best in history. We are doing tremendous things for American families and businesses!,12Â Ñ‚Ñ‹Ñ.,10Â Ñ‚Ñ‹Ñ.,364,"1,7Â Ñ‚Ñ‹Ñ.",25,5,31,ĞšĞ¾Ğ¼Ğ¼ĞµĞ½Ñ‚Ğ°Ñ€Ğ¸Ğ¸: 1Â 844,/story.php?story_fbid=10162195562185725&id=153080620724
Donald J. Trump,,"23,Ñ„ĞµĞ²Ñ€Ğ°Ğ»Ñ,Ğ²,00:01",The Fake News Media intentionally demeans the great work we are doing for the country. We will not let it get in the way of our success!,35Â Ñ‚Ñ‹Ñ.,30Â Ñ‚Ñ‹Ñ.,1Â Ñ‚Ñ‹Ñ.,"3,6Â Ñ‚Ñ‹Ñ.",57,74,148,ĞšĞ¾Ğ¼Ğ¼ĞµĞ½Ñ‚Ğ°Ñ€Ğ¸Ğ¸: 5Â 144,/story.php?story_fbid=10162196185360725&id=153080620724
Donald J. Trump,,"23,Ñ„ĞµĞ²Ñ€Ğ°Ğ»Ñ,Ğ²,04:04",MAGA!,30Â Ñ‚Ñ‹Ñ.,25Â Ñ‚Ñ‹Ñ.,682,"4,2Â Ñ‚Ñ‹Ñ.",118,52,168,ĞšĞ¾Ğ¼Ğ¼ĞµĞ½Ñ‚Ğ°Ñ€Ğ¸Ğ¸: 3Â 408,/story.php?story_fbid=10162196553430725&id=153080620724
Donald J. Trump,,"23,Ñ„ĞµĞ²Ñ€Ğ°Ğ»Ñ,Ğ²,21:15","This week my administration took the necessary steps to defend America's interest at home, abroad and in space!",10Â Ñ‚Ñ‹Ñ.,"8,9Â Ñ‚Ñ‹Ñ.",342,"1,5Â Ñ‚Ñ‹Ñ.",23,4,36,ĞšĞ¾Ğ¼Ğ¼ĞµĞ½Ñ‚Ğ°Ñ€Ğ¸Ğ¸: 2Â 155,/story.php?story_fbid=10162197169820725&id=153080620724
Donald J. Trump,,"22,Ñ„ĞµĞ²Ñ€Ğ°Ğ»Ñ,Ğ²,23:14","""As the race for the Democratic presidential nomination heats up, the candidates have engaged in an escalating competition to claim the most radical policy agenda.""",20Â Ñ‚Ñ‹Ñ.,12Â Ñ‚Ñ‹Ñ.,"5,9Â Ñ‚Ñ‹Ñ.",605,323,173,337,ĞšĞ¾Ğ¼Ğ¼ĞµĞ½Ñ‚Ğ°Ñ€Ğ¸Ğ¸: 4Â 308,/story.php?story_fbid=10162191293275725&id=153080620724
Donald J. Trump,,"22,Ñ„ĞµĞ²Ñ€Ğ°Ğ»Ñ,Ğ²,16:43","President Donald J. Trump's schedule for Friday, February 22nd: -Meet with the Vice Premier of the Peopleâ€™s Republic of China -Deliver Remarks at the Republican Governors Association event","8,9Â Ñ‚Ñ‹Ñ.","7,4Â Ñ‚Ñ‹Ñ.",226,"1,1Â Ñ‚Ñ‹Ñ.",28,4,22,ĞšĞ¾Ğ¼Ğ¼ĞµĞ½Ñ‚Ğ°Ñ€Ğ¸Ğ¸: 1Â 575,/story.php?story_fbid=10162193844035725&id=153080620724
Donald J. Trump,,"22,Ñ„ĞµĞ²Ñ€Ğ°Ğ»Ñ,Ğ²,04:04",'Medicare for All' would be a total disaster for our country!,31Â Ñ‚Ñ‹Ñ.,22Â Ñ‚Ñ‹Ñ.,"2,1Â Ñ‚Ñ‹Ñ.",622,514,319,"4,8Â Ñ‚Ñ‹Ñ.",ĞšĞ¾Ğ¼Ğ¼ĞµĞ½Ñ‚Ğ°Ñ€Ğ¸Ğ¸: 8Â 859,/story.php?story_fbid=10162191341180725&id=153080620724
Donald J. Trump,,"22,Ñ„ĞµĞ²Ñ€Ğ°Ğ»Ñ,Ğ²,20:47","I want 5G, and even 6G, technology in the United States as soon as possible. It is far more powerful, faster, and smarter than the current standard. American companies must step up their efforts, or get left behind. There is no reason that we should be lagging behind on something that is so obviously the future. I want the United States to win through competition, not by blocking out currently more advanced technologies. We must always be the leader in everything we do, especially when it comes to the very exciting world of technology!",38Â Ñ‚Ñ‹Ñ.,32Â Ñ‚Ñ‹Ñ.,971,4Â Ñ‚Ñ‹Ñ.,163,99,319,ĞšĞ¾Ğ¼Ğ¼ĞµĞ½Ñ‚Ğ°Ñ€Ğ¸Ğ¸: 5Â 133,/story.php?story_fbid=10162195510030725&id=153080620724
Donald J. Trump,,"22,Ñ„ĞµĞ²Ñ€Ğ°Ğ»Ñ,Ğ²,05:38",I will keep delivering for the American people. THANK YOU! #MAGA,30Â Ñ‚Ñ‹Ñ.,25Â Ñ‚Ñ‹Ñ.,572,"4,6Â Ñ‚Ñ‹Ñ.",34,6,48,ĞšĞ¾Ğ¼Ğ¼ĞµĞ½Ñ‚Ğ°Ñ€Ğ¸Ğ¸: 3Â 475,/story.php?story_fbid=10162190706120725&id=153080620724
Donald J. Trump,,"22,Ñ„ĞµĞ²Ñ€Ğ°Ğ»Ñ,Ğ²,00:57",Keep America Safe!Ğ”ĞµÑ€Ğ¶Ğ¸Ñ‚Ğµ ĞĞ¼ĞµÑ€Ğ¸ĞºÑƒ Ğ² Ğ±ĞµĞ·Ğ¾Ğ¿Ğ°ÑĞ½Ğ¾ÑÑ‚Ğ¸!,78Â Ñ‚Ñ‹Ñ.,65Â Ñ‚Ñ‹Ñ.,758,11Â Ñ‚Ñ‹Ñ.,99,19,58,ĞšĞ¾Ğ¼Ğ¼ĞµĞ½Ñ‚Ğ°Ñ€Ğ¸Ğ¸: 7Â 049,/story.php?story_fbid=10162191169875725&id=153080620724
Donald J. Trump,,"21,Ñ„ĞµĞ²Ñ€Ğ°Ğ»Ñ,Ğ²,21:08","For the latest news from my campaign, subscribe to the Donald J. Trump for President podcast now! Get it on iTunes: https://itunes.apple.com/us/podcast/donald-j-trump-for-president/id1446455762 Get it on Spotify: https://open.spotify.com/show/3nyFqXR9pv5U5h2sVc0t7N Get it on Google Play: https://play.google.com/music/listen?u=0#/ps/Ivd3es5lohyatzo5rsqenyzks3q","7,7Â Ñ‚Ñ‹Ñ.","6,3Â Ñ‚Ñ‹Ñ.",335,980,22,4,40,ĞšĞ¾Ğ¼Ğ¼ĞµĞ½Ñ‚Ğ°Ñ€Ğ¸Ğ¸: 1Â 236,/story.php?story_fbid=10162190293950725&id=153080620724
Donald J. Trump,,"21,Ñ„ĞµĞ²Ñ€Ğ°Ğ»Ñ,Ğ²,23:30","If we don't have a border, we don't have a country!",77Â Ñ‚Ñ‹Ñ.,63Â Ñ‚Ñ‹Ñ.,"1,5Â Ñ‚Ñ‹Ñ.",12Â Ñ‚Ñ‹Ñ.,183,27,156,ĞšĞ¾Ğ¼Ğ¼ĞµĞ½Ñ‚Ğ°Ñ€Ğ¸Ğ¸: 6Â 793,/story.php?story_fbid=10162190755105725&id=153080620724
Donald J. Trump,,"21,Ñ„ĞµĞ²Ñ€Ğ°Ğ»Ñ,Ğ²,16:30","President Donald J. Trump's schedule for Thursday, February 21st: -Receive intelligence briefing -Lunch with the Acting Secretary of the Interior -Participate in a reception for National African American History Month","9,1Â Ñ‚Ñ‹Ñ.","7,5Â Ñ‚Ñ‹Ñ.",261,"1,2Â Ñ‚Ñ‹Ñ.",20,6,24,ĞšĞ¾Ğ¼Ğ¼ĞµĞ½Ñ‚Ğ°Ñ€Ğ¸Ğ¸: 1Â 662,/story.php?story_fbid=10162187828380725&id=153080620724
Donald J. Trump,,"21,Ñ„ĞµĞ²Ñ€Ğ°Ğ»Ñ,Ğ²,07:00",America is winning because we are finally putting AMERICA FIRST!,19Â Ñ‚Ñ‹Ñ.,15Â Ñ‚Ñ‹Ñ.,399,"3,2Â Ñ‚Ñ‹Ñ.",26,5,53,ĞšĞ¾Ğ¼Ğ¼ĞµĞ½Ñ‚Ğ°Ñ€Ğ¸Ğ¸: 2Â 952,/story.php?story_fbid=10162187620065725&id=153080620724
Donald J. Trump,,"20,Ñ„ĞµĞ²Ñ€Ğ°Ğ»Ñ,Ğ²,19:00","""China wants to become the world leader in artificial intelligence (AI) by 2030, and President Donald Trump is taking the necessary steps to ensure that wonâ€™t happen.""",21Â Ñ‚Ñ‹Ñ.,18Â Ñ‚Ñ‹Ñ.,862,"1,9Â Ñ‚Ñ‹Ñ.",197,17,49,ĞšĞ¾Ğ¼Ğ¼ĞµĞ½Ñ‚Ğ°Ñ€Ğ¸Ğ¸: 2Â 693,/story.php?story_fbid=10162182027700725&id=153080620724
Donald J. Trump,,"20,Ñ„ĞµĞ²Ñ€Ğ°Ğ»Ñ,Ğ²,21:39",The Fake News is ignoring basic journalistic standards because of their left-wing political agenda! #FakeNews #MAGA ğŸ‡ºğŸ‡¸,26Â Ñ‚Ñ‹Ñ.,22Â Ñ‚Ñ‹Ñ.,872,"2,6Â Ñ‚Ñ‹Ñ.",88,246,219,ĞšĞ¾Ğ¼Ğ¼ĞµĞ½Ñ‚Ğ°Ñ€Ğ¸Ğ¸: 4Â 702,/story.php?story_fbid=10162185870475725&id=153080620724
Donald J. Trump,,"20,Ñ„ĞµĞ²Ñ€Ğ°Ğ»Ñ,Ğ²,16:30","President Donald J. Trump's schedule for Wednesday, February 20th: -Lunch with the Secretary of State -Bilateral meeting with the Federal Chancellor of the Republic of Austria","8,2Â Ñ‚Ñ‹Ñ.","6,9Â Ñ‚Ñ‹Ñ.",245,1Â Ñ‚Ñ‹Ñ.,18,2,20,ĞšĞ¾Ğ¼Ğ¼ĞµĞ½Ñ‚Ğ°Ñ€Ğ¸Ğ¸: 1Â 690,/story.php?story_fbid=10162184207435725&id=153080620724
Donald J. Trump,,"20,Ñ„ĞµĞ²Ñ€Ğ°Ğ»Ñ,Ğ²,04:00","Today, I signed a directive that brought America one step closer to establishing a Space Force. The Space Force will keep Americans safe and protect the interests of our great nation!",18Â Ñ‚Ñ‹Ñ.,15Â Ñ‚Ñ‹Ñ.,689,"2,4Â Ñ‚Ñ‹Ñ.",88,5,54,ĞšĞ¾Ğ¼Ğ¼ĞµĞ½Ñ‚Ğ°Ñ€Ğ¸Ğ¸: 3Â 043,/story.php?story_fbid=10162183188390725&id=153080620724
Donald J. Trump,,"20,Ñ„ĞµĞ²Ñ€Ğ°Ğ»Ñ,Ğ²,07:00",Constitutional freedoms are under attack by radical left-wing politicians in America!,"9,5Â Ñ‚Ñ‹Ñ.","7,8Â Ñ‚Ñ‹Ñ.",346,619,87,102,596,ĞšĞ¾Ğ¼Ğ¼ĞµĞ½Ñ‚Ğ°Ñ€Ğ¸Ğ¸: 2Â 002,/story.php?story_fbid=10162179642690725&id=153080620724
Donald J. Trump,,"20,Ñ„ĞµĞ²Ñ€Ğ°Ğ»Ñ,Ğ²,02:00",The world is beginning to realize that socialism is nothing more than a failed ideology that leads to total catastrophe.,18Â Ñ‚Ñ‹Ñ.,15Â Ñ‚Ñ‹Ñ.,486,"2,3Â Ñ‚Ñ‹Ñ.",48,13,58,ĞšĞ¾Ğ¼Ğ¼ĞµĞ½Ñ‚Ğ°Ñ€Ğ¸Ğ¸: 2Â 723,/story.php?story_fbid=10162182347590725&id=153080620724
Donald J. Trump,,"19,Ñ„ĞµĞ²Ñ€Ğ°Ğ»Ñ,Ğ²,20:56","President Trump supports the people of #Venezuela and stands shoulder-to-shoulder with those in search of #Democracy and #Freedom in #Venezuela â€” like the mother of #Ã“scarPerez.  Senior Advisor John Pence habla del gran discurso de Presidente Trump, en EspaÃ±ol:","9,4Â Ñ‚Ñ‹Ñ.","7,8Â Ñ‚Ñ‹Ñ.",195,"1,3Â Ñ‚Ñ‹Ñ.",23,74,35,ĞšĞ¾Ğ¼Ğ¼ĞµĞ½Ñ‚Ğ°Ñ€Ğ¸Ğ¸: 1Â 222,/story.php?story_fbid=10162181809390725&id=153080620724
Donald J. Trump,,"19,Ñ„ĞµĞ²Ñ€Ğ°Ğ»Ñ,Ğ²,16:18","President Donald J. Trump's schedule for Tuesday, February 19th: -Meeting with the Secretary of State -Meeting with the Secretary of Homeland Security -Lunch with the Vice President -Signing ceremony for Space Policy Directive 4","9,9Â Ñ‚Ñ‹Ñ.","8,2Â Ñ‚Ñ‹Ñ.",263,"1,3Â Ñ‚Ñ‹Ñ.",29,6,18,ĞšĞ¾Ğ¼Ğ¼ĞµĞ½Ñ‚Ğ°Ñ€Ğ¸Ğ¸: 2Â 089,/story.php?story_fbid=10162181285030725&id=153080620724
Donald J. Trump,,"20,Ñ„ĞµĞ²Ñ€Ğ°Ğ»Ñ,Ğ²,00:30",Socialism has failed in Venezuela. We must never allow socialism in America!,18Â Ñ‚Ñ‹Ñ.,16Â Ñ‚Ñ‹Ñ.,361,"2,3Â Ñ‚Ñ‹Ñ.",56,49,60,ĞšĞ¾Ğ¼Ğ¼ĞµĞ½Ñ‚Ğ°Ñ€Ğ¸Ğ¸: 2Â 403,/story.php?story_fbid=10162182313620725&id=153080620724
Donald J. Trump,,"19,Ñ„ĞµĞ²Ñ€Ğ°Ğ»Ñ,Ğ²,23:00",I will continue to take my message directly to the American people and avoid the filter of the Fake News Media!,146Â Ñ‚Ñ‹Ñ.,125Â Ñ‚Ñ‹Ñ.,"1,8Â Ñ‚Ñ‹Ñ.",19Â Ñ‚Ñ‹Ñ.,124,26,127,ĞšĞ¾Ğ¼Ğ¼ĞµĞ½Ñ‚Ğ°Ñ€Ğ¸Ğ¸: 7Â 742,/story.php?story_fbid=10162182024290725&id=153080620724
Donald J. Trump,,"19,Ñ„ĞµĞ²Ñ€Ğ°Ğ»Ñ,Ğ²,04:56","The United States stands with the Venezuelan people in their quest for liberty, prosperity and democracy!",22Â Ñ‚Ñ‹Ñ.,18Â Ñ‚Ñ‹Ñ.,380,"3,4Â Ñ‚Ñ‹Ñ.",49,10,65,ĞšĞ¾Ğ¼Ğ¼ĞµĞ½Ñ‚Ğ°Ñ€Ğ¸Ğ¸: 2Â 961,/story.php?story_fbid=10162179533895725&id=153080620724
Donald J. Trump,,"18,Ñ„ĞµĞ²Ñ€Ğ°Ğ»Ñ,Ğ²,17:48","President Donald J. Trumpâ€™s schedule for Monday, February 18th: -Deliver remarks to the Venezuelan American community",10Â Ñ‚Ñ‹Ñ.,"8,1Â Ñ‚Ñ‹Ñ.",415,"1,4Â Ñ‚Ñ‹Ñ.",34,7,36,ĞšĞ¾Ğ¼Ğ¼ĞµĞ½Ñ‚Ğ°Ñ€Ğ¸Ğ¸: 2Â 415,/story.php?story_fbid=10162177314520725&id=153080620724
Donald J. Trump,,"19,Ñ„ĞµĞ²Ñ€Ğ°Ğ»Ñ,Ğ²,01:22",Happy Presidents' Day! #PresidentsDay2019,Markwayne Mullin Ğ¸ ĞµÑ‰Ñ‘ 218Â Ñ‚Ñ‹Ñ.,177Â Ñ‚Ñ‹Ñ.,"2,8Â Ñ‚Ñ‹Ñ.",38Â Ñ‚Ñ‹Ñ.,184,60,243,ĞšĞ¾Ğ¼Ğ¼ĞµĞ½Ñ‚Ğ°Ñ€Ğ¸Ğ¸: 16Â 299,/story.php?story_fbid=10162178744905725&id=153080620724
Donald J. Trump,,"18,Ñ„ĞµĞ²Ñ€Ğ°Ğ»Ñ,Ğ²,22:31","In just these last few weeks, Americans understand better than ever why we need a wall at the southern border!",17Â Ñ‚Ñ‹Ñ.,14Â Ñ‚Ñ‹Ñ.,538,"2,1Â Ñ‚Ñ‹Ñ.",35,8,69,ĞšĞ¾Ğ¼Ğ¼ĞµĞ½Ñ‚Ğ°Ñ€Ğ¸Ğ¸: 2Â 849,/story.php?story_fbid=10162174131080725&id=153080620724
Donald J. Trump,,"18,Ñ„ĞµĞ²Ñ€Ğ°Ğ»Ñ,Ğ²,20:00",America will NEVER be a socialist country. Obstructionist Democrats will not have it their way!,10Â Ñ‚Ñ‹Ñ.,8Â Ñ‚Ñ‹Ñ.,422,"1,3Â Ñ‚Ñ‹Ñ.",62,33,119,ĞšĞ¾Ğ¼Ğ¼ĞµĞ½Ñ‚Ğ°Ñ€Ğ¸Ğ¸: 2Â 160,/story.php?story_fbid=10162166566925725&id=153080620724
Donald J. Trump,,"17,Ñ„ĞµĞ²Ñ€Ğ°Ğ»Ñ,Ğ²,01:00",Angel Moms have been with me since the beginning of my campaign. They understand the danger of open borders.,25Â Ñ‚Ñ‹Ñ.,20Â Ñ‚Ñ‹Ñ.,383,"3,7Â Ñ‚Ñ‹Ñ.",40,253,80,ĞšĞ¾Ğ¼Ğ¼ĞµĞ½Ñ‚Ğ°Ñ€Ğ¸Ğ¸: 4Â 219,/story.php?story_fbid=10162166530295725&id=153080620724
Donald J. Trump,,"16,Ñ„ĞµĞ²Ñ€Ğ°Ğ»Ñ,Ğ²,22:00",This was a week of Making America Safe and Making America Prosperous!,17Â Ñ‚Ñ‹Ñ.,14Â Ñ‚Ñ‹Ñ.,502,"2,4Â Ñ‚Ñ‹Ñ.",36,19,59,ĞšĞ¾Ğ¼Ğ¼ĞµĞ½Ñ‚Ğ°Ñ€Ğ¸Ğ¸: 2Â 275,/story.php?story_fbid=10162166806470725&id=153080620724
Donald J. Trump,,"18,Ñ„ĞµĞ²Ñ€Ğ°Ğ»Ñ,Ğ²,01:00",I fight every day to uphold American values. But the Democrats want to see me fail rather than see America succeed!,32Â Ñ‚Ñ‹Ñ.,26Â Ñ‚Ñ‹Ñ.,650,"2,6Â Ñ‚Ñ‹Ñ.",150,"2,4Â Ñ‚Ñ‹Ñ.",619,ĞšĞ¾Ğ¼Ğ¼ĞµĞ½Ñ‚Ğ°Ñ€Ğ¸Ğ¸: 5Â 304,/story.php?story_fbid=10162169107035725&id=153080620724
Donald J. Trump,,"17,Ñ„ĞµĞ²Ñ€Ğ°Ğ»Ñ,Ğ²,00:00",Protection for American families is my highest priority. Walls work and will keep us safe!,98Â Ñ‚Ñ‹Ñ.,79Â Ñ‚Ñ‹Ñ.,508,"6,1Â Ñ‚Ñ‹Ñ.",224,11Â Ñ‚Ñ‹Ñ.,689,ĞšĞ¾Ğ¼Ğ¼ĞµĞ½Ñ‚Ğ°Ñ€Ğ¸Ğ¸: 6Â 210,/story.php?story_fbid=10162169751605725&id=153080620724
Donald J. Trump,,"17,Ñ„ĞµĞ²Ñ€Ğ°Ğ»Ñ,Ğ²,23:13",Ivanka Trump womenâ€™s initiative a step toward â€˜America Firstâ€™ foreign policy.,22Â Ñ‚Ñ‹Ñ.,19Â Ñ‚Ñ‹Ñ.,630,"2,4Â Ñ‚Ñ‹Ñ.",57,14,78,ĞšĞ¾Ğ¼Ğ¼ĞµĞ½Ñ‚Ğ°Ñ€Ğ¸Ğ¸: 2Â 014,/story.php?story_fbid=10162174517235725&id=153080620724
Donald J. Trump,,"16,Ñ„ĞµĞ²Ñ€Ğ°Ğ»Ñ,Ğ²,20:57",Many presidents before me have signed National Emergency declarations. What I signed yesterday will keep Americans safe from an invasion of our country!,55Â Ñ‚Ñ‹Ñ.,44Â Ñ‚Ñ‹Ñ.,837,9Â Ñ‚Ñ‹Ñ.,88,31,227,ĞšĞ¾Ğ¼Ğ¼ĞµĞ½Ñ‚Ğ°Ñ€Ğ¸Ğ¸: 7Â 227,/story.php?story_fbid=10162166512895725&id=153080620724
Donald J. Trump,,"15,Ñ„ĞµĞ²Ñ€Ğ°Ğ»Ñ,Ğ²,18:55","President Donald J. Trump's schedule for Friday, February 15th: Â· Deliver remarks on the national security and humanitarian crisis at     our southern border Â· Receive intelligence briefing",17Â Ñ‚Ñ‹Ñ.,14Â Ñ‚Ñ‹Ñ.,500,"2,3Â Ñ‚Ñ‹Ñ.",40,9,80,ĞšĞ¾Ğ¼Ğ¼ĞµĞ½Ñ‚Ğ°Ñ€Ğ¸Ğ¸: 4Â 225,/story.php?story_fbid=10162164771275725&id=153080620724
Donald J. Trump,,"15,Ñ„ĞµĞ²Ñ€Ğ°Ğ»Ñ,Ğ²,20:26","Chuck and Nancy refused to help Build the Wall and secure our border. Now, American Patriots are fighting back! Text ""WALL"" to 88022!",44Â Ñ‚Ñ‹Ñ.,35Â Ñ‚Ñ‹Ñ.,"2,5Â Ñ‚Ñ‹Ñ.","5,9Â Ñ‚Ñ‹Ñ.",186,42,253,ĞšĞ¾Ğ¼Ğ¼ĞµĞ½Ñ‚Ğ°Ñ€Ğ¸Ğ¸: 7Â 649,/story.php?story_fbid=10162164875730725&id=153080620724
Donald J. Trump,,"15,Ñ„ĞµĞ²Ñ€Ğ°Ğ»Ñ,Ğ²,19:07","Twitter, Facebook and Google are not for ""free expression."" They are totally biased in favor of Democrats!",51Â Ñ‚Ñ‹Ñ.,44Â Ñ‚Ñ‹Ñ.,"1,8Â Ñ‚Ñ‹Ñ.","3,1Â Ñ‚Ñ‹Ñ.",360,391,1Â Ñ‚Ñ‹Ñ.,ĞšĞ¾Ğ¼Ğ¼ĞµĞ½Ñ‚Ğ°Ñ€Ğ¸Ğ¸: 6Â 991,/story.php?story_fbid=10162161377770725&id=153080620724
Donald J. Trump,,"16,Ñ„ĞµĞ²Ñ€Ğ°Ğ»Ñ,Ğ²,04:47","Today, I announced a National Emergency to help secure and control our southern border. This is a National Security crisis and I am solving it quickly!",85Â Ñ‚Ñ‹Ñ.,69Â Ñ‚Ñ‹Ñ.,"1,1Â Ñ‚Ñ‹Ñ.",15Â Ñ‚Ñ‹Ñ.,145,45,430,ĞšĞ¾Ğ¼Ğ¼ĞµĞ½Ñ‚Ğ°Ñ€Ğ¸Ğ¸: 12Â 665,/story.php?story_fbid=10162166441755725&id=153080620724
Donald J. Trump,,"12,Ñ„ĞµĞ²Ñ€Ğ°Ğ»Ñ,Ğ²,07:20","Join me LIVE in El Paso, TX! Great crowd for a #MAGA rally! Text TRUMP to 88022 for Campaign Updates!",Jan Morgan Ğ¸ ĞµÑ‰Ñ‘ 124Â Ñ‚Ñ‹Ñ.,77Â Ñ‚Ñ‹Ñ.,"1,7Â Ñ‚Ñ‹Ñ.",42Â Ñ‚Ñ‹Ñ.,419,208,"1,1Â Ñ‚Ñ‹Ñ.",ĞšĞ¾Ğ¼Ğ¼ĞµĞ½Ñ‚Ğ°Ñ€Ğ¸Ğ¸: 85Â 214,/story.php?story_fbid=717737358622614&id=153080620724
Donald J. Trump,,"15,Ñ„ĞµĞ²Ñ€Ğ°Ğ»Ñ,Ğ²,18:39","""Israel, Gulf States Commend Kushnerâ€™s Peace Effort""",17Â Ñ‚Ñ‹Ñ.,15Â Ñ‚Ñ‹Ñ.,454,"1,4Â Ñ‚Ñ‹Ñ.",58,8,69,ĞšĞ¾Ğ¼Ğ¼ĞµĞ½Ñ‚Ğ°Ñ€Ğ¸Ğ¸: 1Â 529,/story.php?story_fbid=10162164721335725&id=153080620724
Donald J. Trump,,"10,Ñ„ĞµĞ²Ñ€Ğ°Ğ»Ñ,Ğ²,01:13",Itâ€™s time for Democrats to make their choice: continue political resistance and retribution or join US in fulfilling OUR vision for America. MAGA!,27Â Ñ‚Ñ‹Ñ.,23Â Ñ‚Ñ‹Ñ.,651,"3,6Â Ñ‚Ñ‹Ñ.",58,8,98,ĞšĞ¾Ğ¼Ğ¼ĞµĞ½Ñ‚Ğ°Ñ€Ğ¸Ğ¸: 5Â 821,/story.php?story_fbid=10162135858215725&id=153080620724
Donald J. Trump,,"11,Ñ„ĞµĞ²Ñ€Ğ°Ğ»Ñ,Ğ²,22:39",The truth is that we have tremendous support. So many people are standing up for OUR agenda despite constant attacks from the left!,22Â Ñ‚Ñ‹Ñ.,18Â Ñ‚Ñ‹Ñ.,566,3Â Ñ‚Ñ‹Ñ.,55,17,71,ĞšĞ¾Ğ¼Ğ¼ĞµĞ½Ñ‚Ğ°Ñ€Ğ¸Ğ¸: 3Â 234,/story.php?story_fbid=10162146113945725&id=153080620724
Donald J. Trump,,"12,Ñ„ĞµĞ²Ñ€Ğ°Ğ»Ñ,Ğ²,01:05","These are ordinary Americans, not Washington politicians, who have seen first-hand how a border wall brought safety and security back to their community.",Markwayne Mullin Ğ¸ ĞµÑ‰Ñ‘ 31Â Ñ‚Ñ‹Ñ.,26Â Ñ‚Ñ‹Ñ.,553,"3,9Â Ñ‚Ñ‹Ñ.",103,24,74,ĞšĞ¾Ğ¼Ğ¼ĞµĞ½Ñ‚Ğ°Ñ€Ğ¸Ğ¸: 4Â 663,/story.php?story_fbid=10162147396260725&id=153080620724
Donald J. Trump,,"9,Ñ„ĞµĞ²Ñ€Ğ°Ğ»Ñ,Ğ²,04:11","Working hard, thank you!",85Â Ñ‚Ñ‹Ñ.,69Â Ñ‚Ñ‹Ñ.,2Â Ñ‚Ñ‹Ñ.,13Â Ñ‚Ñ‹Ñ.,190,25,97,ĞšĞ¾Ğ¼Ğ¼ĞµĞ½Ñ‚Ğ°Ñ€Ğ¸Ğ¸: 8Â 928,/story.php?story_fbid=10162135874995725&id=153080620724
Donald J. Trump,,"9,Ñ„ĞµĞ²Ñ€Ğ°Ğ»Ñ,Ğ²,05:40","Now, we must step BOLDLY and BRAVELY into the next chapter of this great American adventure.",32Â Ñ‚Ñ‹Ñ.,26Â Ñ‚Ñ‹Ñ.,687,"5,3Â Ñ‚Ñ‹Ñ.",52,13,62,ĞšĞ¾Ğ¼Ğ¼ĞµĞ½Ñ‚Ğ°Ñ€Ğ¸Ğ¸: 3Â 528,/story.php?story_fbid=10162135691250725&id=153080620724
Donald J. Trump,,"9,Ñ„ĞµĞ²Ñ€Ğ°Ğ»Ñ,Ğ²,01:21","My agenda is the agenda of the American people. This is OUR movement, and together, WE are making America GREAT again!ğŸ‡ºğŸ‡¸",44Â Ñ‚Ñ‹Ñ.,34Â Ñ‚Ñ‹Ñ.,756,"8,4Â Ñ‚Ñ‹Ñ.",45,15,92,ĞšĞ¾Ğ¼Ğ¼ĞµĞ½Ñ‚Ğ°Ñ€Ğ¸Ğ¸: 4Â 088,/story.php?story_fbid=10162104206725725&id=153080620724
Donald J. Trump,,"9,Ñ„ĞµĞ²Ñ€Ğ°Ğ»Ñ,Ğ²,06:08","My representatives have just left North Korea after a very productive meeting and an agreed upon time and date for the second Summit with Kim Jong Un. It will take place in Hanoi, Vietnam, on February 27 & 28. I look forward to seeing Chairman Kim & advancing the cause of peace!",54Â Ñ‚Ñ‹Ñ.,46Â Ñ‚Ñ‹Ñ.,915,"6,3Â Ñ‚Ñ‹Ñ.",288,28,87,ĞšĞ¾Ğ¼Ğ¼ĞµĞ½Ñ‚Ğ°Ñ€Ğ¸Ğ¸: 5Â 383,/story.php?story_fbid=10162136235750725&id=153080620724
Donald J. Trump,,"8,Ñ„ĞµĞ²Ñ€Ğ°Ğ»Ñ,Ğ²,18:00","No matter the trials we face, no matter the challenges to come, we must go forward TOGETHER to create a future of American greatness!",16Â Ñ‚Ñ‹Ñ.,13Â Ñ‚Ñ‹Ñ.,320,"2,2Â Ñ‚Ñ‹Ñ.",22,6,32,ĞšĞ¾Ğ¼Ğ¼ĞµĞ½Ñ‚Ğ°Ñ€Ğ¸Ğ¸: 1Â 754,/story.php?story_fbid=10162131904915725&id=153080620724
Donald J. Trump,,"8,Ñ„ĞµĞ²Ñ€Ğ°Ğ»Ñ,Ğ²,22:00",I will never apologize for advancing America's interests. AMERICA FIRST!,41Â Ñ‚Ñ‹Ñ.,33Â Ñ‚Ñ‹Ñ.,487,"7,5Â Ñ‚Ñ‹Ñ.",41,8,64,ĞšĞ¾Ğ¼Ğ¼ĞµĞ½Ñ‚Ğ°Ñ€Ğ¸Ğ¸: 3Â 097,/story.php?story_fbid=10162127362530725&id=153080620724
"Donald J. Trump,The White House",The White House,"8,Ñ„ĞµĞ²Ñ€Ğ°Ğ»Ñ,Ğ²,17:24","We must choose between GREATNESS or gridlock.""I ask you to choose greatness.""",26Â Ñ‚Ñ‹Ñ.,21Â Ñ‚Ñ‹Ñ.,311,4Â Ñ‚Ñ‹Ñ.,32,6,29,ĞšĞ¾Ğ¼Ğ¼ĞµĞ½Ñ‚Ğ°Ñ€Ğ¸Ğ¸: 1Â 877,/story.php?story_fbid=10162133793040725&id=153080620724
Donald J. Trump,,"8,Ñ„ĞµĞ²Ñ€Ğ°Ğ»Ñ,Ğ²,20:00","There is no limit to what we can achieve when we put our citizens first, reject politics, and choose compromise!",Aric Chen æ›‰å¤© Ğ¸ ĞµÑ‰Ñ‘ 31Â Ñ‚Ñ‹Ñ.,26Â Ñ‚Ñ‹Ñ.,537,"4,3Â Ñ‚Ñ‹Ñ.",45,8,38,ĞšĞ¾Ğ¼Ğ¼ĞµĞ½Ñ‚Ğ°Ñ€Ğ¸Ğ¸: 2Â 763,/story.php?story_fbid=10162131928635725&id=153080620724
Donald J. Trump,,"8,Ñ„ĞµĞ²Ñ€Ğ°Ğ»Ñ,Ğ²,03:39",We stand with the people of Venezuela and we resolve that America will NEVER be a socialist country.,Markwayne Mullin Ğ¸ ĞµÑ‰Ñ‘ 124Â Ñ‚Ñ‹Ñ.,96Â Ñ‚Ñ‹Ñ.,3Â Ñ‚Ñ‹Ñ.,24Â Ñ‚Ñ‹Ñ.,235,59,239,ĞšĞ¾Ğ¼Ğ¼ĞµĞ½Ñ‚Ğ°Ñ€Ğ¸Ğ¸: 11Â 060,/story.php?story_fbid=10162130857980725&id=153080620724
Donald J. Trump,,"8,Ñ„ĞµĞ²Ñ€Ğ°Ğ»Ñ,Ğ²,01:45","I'll be in El Paso, Texas for a BIG rally on Monday, February 11th at 7:00 PM MT! Get tickets!",29Â Ñ‚Ñ‹Ñ.,23Â Ñ‚Ñ‹Ñ.,508,"4,5Â Ñ‚Ñ‹Ñ.",95,14,77,ĞšĞ¾Ğ¼Ğ¼ĞµĞ½Ñ‚Ğ°Ñ€Ğ¸Ğ¸: 2Â 901,/story.php?story_fbid=10162126335115725&id=153080620724
Donald J. Trump,,"7,Ñ„ĞµĞ²Ñ€Ğ°Ğ»Ñ,Ğ²,23:45",So many Americans AGREE with our vision of American greatness!,57Â Ñ‚Ñ‹Ñ.,46Â Ñ‚Ñ‹Ñ.,957,10Â Ñ‚Ñ‹Ñ.,116,18,65,ĞšĞ¾Ğ¼Ğ¼ĞµĞ½Ñ‚Ğ°Ñ€Ğ¸Ğ¸: 4Â 290,/story.php?story_fbid=10162130669455725&id=153080620724
Donald J. Trump,,"7,Ñ„ĞµĞ²Ñ€Ğ°Ğ»Ñ,Ğ²,22:18",THANK YOU!,170Â Ñ‚Ñ‹Ñ.,136Â Ñ‚Ñ‹Ñ.,"2,1Â Ñ‚Ñ‹Ñ.",31Â Ñ‚Ñ‹Ñ.,527,20,95,ĞšĞ¾Ğ¼Ğ¼ĞµĞ½Ñ‚Ğ°Ñ€Ğ¸Ğ¸: 9Â 576,/story.php?story_fbid=10162130668050725&id=153080620724
Donald J. Trump,,"1,Ğ¼Ğ°Ñ€Ñ‚Ğ°,Ğ²,02:23","Just visited our brave warriors at Elmendorf Air Force Base in beautiful Anchorage, Alaska. Thank you!",24Â Ñ‚Ñ‹Ñ.,19Â Ñ‚Ñ‹Ñ.,261,"4,6Â Ñ‚Ñ‹Ñ.",55,8,27,ĞšĞ¾Ğ¼Ğ¼ĞµĞ½Ñ‚Ğ°Ñ€Ğ¸Ğ¸: 2Â 253,/story.php?story_fbid=10162222123800725&id=153080620724
Donald J. Trump,,"7,Ñ„ĞµĞ²Ñ€Ğ°Ğ»Ñ,Ğ²,20:30",Now is the time for all sides to come together and Choose Greatness!,52Â Ñ‚Ñ‹Ñ.,42Â Ñ‚Ñ‹Ñ.,864,"8,9Â Ñ‚Ñ‹Ñ.",49,15,64,ĞšĞ¾Ğ¼Ğ¼ĞµĞ½Ñ‚Ğ°Ñ€Ğ¸Ğ¸: 4Â 045,/story.php?story_fbid=10162126553680725&id=153080620724
Donald J. Trump,,"7,Ñ„ĞµĞ²Ñ€Ğ°Ğ»Ñ,Ğ²,03:07","Where walls go up, illegal crossings go way down. Walls WORK and walls SAVE LIVES!",39Â Ñ‚Ñ‹Ñ.,32Â Ñ‚Ñ‹Ñ.,521,"6,5Â Ñ‚Ñ‹Ñ.",39,13,85,ĞšĞ¾Ğ¼Ğ¼ĞµĞ½Ñ‚Ğ°Ñ€Ğ¸Ğ¸: 4Â 842,/story.php?story_fbid=10162126536055725&id=153080620724
Donald J. Trump,,"6,Ñ„ĞµĞ²Ñ€Ğ°Ğ»Ñ,Ğ²,23:25",Victory is WINNING for our COUNTRY.ğŸ‡ºğŸ‡¸,119Â Ñ‚Ñ‹Ñ.,97Â Ñ‚Ñ‹Ñ.,808,20Â Ñ‚Ñ‹Ñ.,91,11,67,ĞšĞ¾Ğ¼Ğ¼ĞµĞ½Ñ‚Ğ°Ñ€Ğ¸Ğ¸: 4Â 373,/story.php?story_fbid=10162126329145725&id=153080620724
Donald J. Trump,,"7,Ñ„ĞµĞ²Ñ€Ğ°Ğ»Ñ,Ğ²,00:26","We must REJECT the politics of resistance and EMBRACE the boundless potential of cooperation, compromise, and the common good.",44Â Ñ‚Ñ‹Ñ.,36Â Ñ‚Ñ‹Ñ.,547,"7,6Â Ñ‚Ñ‹Ñ.",59,11,59,ĞšĞ¾Ğ¼Ğ¼ĞµĞ½Ñ‚Ğ°Ñ€Ğ¸Ğ¸: 3Â 992,/story.php?story_fbid=10162126523480725&id=153080620724
Donald J. Trump,,"6,Ñ„ĞµĞ²Ñ€Ğ°Ğ»Ñ,Ğ²,21:54",I am asking you to CHOOSE GREATNESS!,42Â Ñ‚Ñ‹Ñ.,32Â Ñ‚Ñ‹Ñ.,533,"8,7Â Ñ‚Ñ‹Ñ.",56,14,43,ĞšĞ¾Ğ¼Ğ¼ĞµĞ½Ñ‚Ğ°Ñ€Ğ¸Ğ¸: 3Â 973,/story.php?story_fbid=10162126278505725&id=153080620724
Donald J. Trump,,"7,Ñ„ĞµĞ²Ñ€Ğ°Ğ»Ñ,Ğ²,17:00","President Donald J. Trumpâ€™s schedule for Thursday, February 7th: Â· 2019 National Prayer Breakfast Â· Lunch with the Secretary of State Â· National Security Presidential Memorandum Signing to Launch the â€œWomenâ€™s Global Development and Prosperityâ€ Initiative",15Â Ñ‚Ñ‹Ñ.,12Â Ñ‚Ñ‹Ñ.,286,"2,3Â Ñ‚Ñ‹Ñ.",25,7,19,ĞšĞ¾Ğ¼Ğ¼ĞµĞ½Ñ‚Ğ°Ñ€Ğ¸Ğ¸: 2Â 055,/story.php?story_fbid=10162128376130725&id=153080620724
Donald J. Trump,,"6,Ñ„ĞµĞ²Ñ€Ğ°Ğ»Ñ,Ğ²,08:42",The decision is OURS to make.,171Â Ñ‚Ñ‹Ñ.,131Â Ñ‚Ñ‹Ñ.,875,37Â Ñ‚Ñ‹Ñ.,167,24,74,ĞšĞ¾Ğ¼Ğ¼ĞµĞ½Ñ‚Ğ°Ñ€Ğ¸Ğ¸: 8Â 906,/story.php?story_fbid=10162124020205725&id=153080620724
Donald J. Trump,,"6,Ñ„ĞµĞ²Ñ€Ğ°Ğ»Ñ,Ğ²,07:14",LIVE: President Trump's State of The Union,130Â Ñ‚Ñ‹Ñ.,78Â Ñ‚Ñ‹Ñ.,"1,1Â Ñ‚Ñ‹Ñ.",50Â Ñ‚Ñ‹Ñ.,287,186,740,ĞšĞ¾Ğ¼Ğ¼ĞµĞ½Ñ‚Ğ°Ñ€Ğ¸Ğ¸: 85Â 565,/story.php?story_fbid=1889099687884407&id=153080620724
Donald J. Trump,,"6,Ñ„ĞµĞ²Ñ€Ğ°Ğ»Ñ,Ğ²,03:11",Looking forward to tonight! #SOTU,26Â Ñ‚Ñ‹Ñ.,21Â Ñ‚Ñ‹Ñ.,619,"4,9Â Ñ‚Ñ‹Ñ.",56,11,55,ĞšĞ¾Ğ¼Ğ¼ĞµĞ½Ñ‚Ğ°Ñ€Ğ¸Ğ¸: 3Â 713,/story.php?story_fbid=10162122680265725&id=153080620724
Donald J. Trump,,"6,Ñ„ĞµĞ²Ñ€Ğ°Ğ»Ñ,Ğ²,01:05",The American economy is stronger than ever. We have some of the BEST employment numbers in the HISTORY of our country!,22Â Ñ‚Ñ‹Ñ.,18Â Ñ‚Ñ‹Ñ.,351,"3,5Â Ñ‚Ñ‹Ñ.",46,5,35,ĞšĞ¾Ğ¼Ğ¼ĞµĞ½Ñ‚Ğ°Ñ€Ğ¸Ğ¸: 2Â 413,/story.php?story_fbid=10162121608470725&id=153080620724
Donald J. Trump,,"5,Ñ„ĞµĞ²Ñ€Ğ°Ğ»Ñ,Ğ²,19:16",Tune in at 9pm EST tonight as I deliver the State of the Union Address! Add your name to be displayed LIVE during my speech: bit.ly/2MOxkbj,42Â Ñ‚Ñ‹Ñ.,35Â Ñ‚Ñ‹Ñ.,663,"6,6Â Ñ‚Ñ‹Ñ.",59,16,83,ĞšĞ¾Ğ¼Ğ¼ĞµĞ½Ñ‚Ğ°Ñ€Ğ¸Ğ¸: 5Â 552,/story.php?story_fbid=10162120925020725&id=153080620724
Donald J. Trump,,"5,Ñ„ĞµĞ²Ñ€Ğ°Ğ»Ñ,Ğ²,22:18","""By the end of next year, NATO allies will add $100 billion extra toward defense...President Donald Trump is having an impact.â€",Aric Chen æ›‰å¤© Ğ¸ ĞµÑ‰Ñ‘ 30Â Ñ‚Ñ‹Ñ.,26Â Ñ‚Ñ‹Ñ.,484,"3,2Â Ñ‚Ñ‹Ñ.",142,17,57,ĞšĞ¾Ğ¼Ğ¼ĞµĞ½Ñ‚Ğ°Ñ€Ğ¸Ğ¸: 1Â 813,/story.php?story_fbid=10162120806590725&id=153080620724
Donald J. Trump,,"4,Ñ„ĞµĞ²Ñ€Ğ°Ğ»Ñ,Ğ²,22:27","Our economy is exceeding expectations â€“ unprecedented job growth, historically low unemployment, and rising wages. MAGA!",27Â Ñ‚Ñ‹Ñ.,22Â Ñ‚Ñ‹Ñ.,477,"4,2Â Ñ‚Ñ‹Ñ.",128,8,39,ĞšĞ¾Ğ¼Ğ¼ĞµĞ½Ñ‚Ğ°Ñ€Ğ¸Ğ¸: 2Â 536,/story.php?story_fbid=10162117157255725&id=153080620724
Donald J. Trump,,"5,Ñ„ĞµĞ²Ñ€Ğ°Ğ»Ñ,Ğ²,02:00",Nancy Pelosi doesnâ€™t want to give proper border security for political reasons. She's doing a terrible disservice to the people of our country!,35Â Ñ‚Ñ‹Ñ.,30Â Ñ‚Ñ‹Ñ.,567,"3,1Â Ñ‚Ñ‹Ñ.",120,253,547,ĞšĞ¾Ğ¼Ğ¼ĞµĞ½Ñ‚Ğ°Ñ€Ğ¸Ğ¸: 4Â 936,/story.php?story_fbid=10162117385810725&id=153080620724
Donald J. Trump,,"6,Ñ„ĞµĞ²Ñ€Ğ°Ğ»Ñ,Ğ²,06:52",LIVE: President Trump's State of the Union Address,76Â Ñ‚Ñ‹Ñ.,45Â Ñ‚Ñ‹Ñ.,742,29Â Ñ‚Ñ‹Ñ.,157,86,454,ĞšĞ¾Ğ¼Ğ¼ĞµĞ½Ñ‚Ğ°Ñ€Ğ¸Ğ¸: 35Â 480,/story.php?story_fbid=303841417150497&id=153080620724
Donald J. Trump,,"5,Ñ„ĞµĞ²Ñ€Ğ°Ğ»Ñ,Ğ²,06:00",This is an invasion of our country. We need a WALL!,37Â Ñ‚Ñ‹Ñ.,31Â Ñ‚Ñ‹Ñ.,765,"4,9Â Ñ‚Ñ‹Ñ.",70,24,97,ĞšĞ¾Ğ¼Ğ¼ĞµĞ½Ñ‚Ğ°Ñ€Ğ¸Ğ¸: 4Â 806,/story.php?story_fbid=10162117339785725&id=153080620724
Donald J. Trump,,"5,Ñ„ĞµĞ²Ñ€Ğ°Ğ»Ñ,Ğ²,00:00",Let's get the JOB DONE!,14Â Ñ‚Ñ‹Ñ.,11Â Ñ‚Ñ‹Ñ.,320,"2,2Â Ñ‚Ñ‹Ñ.",23,3,36,ĞšĞ¾Ğ¼Ğ¼ĞµĞ½Ñ‚Ğ°Ñ€Ğ¸Ğ¸: 1Â 898,/story.php?story_fbid=10162103943600725&id=153080620724
Donald J. Trump,,"5,Ñ„ĞµĞ²Ñ€Ğ°Ğ»Ñ,Ğ²,04:01","""The Trump administrationâ€™s support of the pro-democracy movement reassures Venezuelans and our allies that America first doesnâ€™t mean America alone.â€ - Senior Advisor John Pence",20Â Ñ‚Ñ‹Ñ.,18Â Ñ‚Ñ‹Ñ.,656,2Â Ñ‚Ñ‹Ñ.,86,9,103,ĞšĞ¾Ğ¼Ğ¼ĞµĞ½Ñ‚Ğ°Ñ€Ğ¸Ğ¸: 1Â 904,/story.php?story_fbid=10162117810295725&id=153080620724
Donald J. Trump,,"3,Ñ„ĞµĞ²Ñ€Ğ°Ğ»Ñ,Ğ²,01:01",Only through UNITY can we deliver for the people we were elected to serve!,24Â Ñ‚Ñ‹Ñ.,20Â Ñ‚Ñ‹Ñ.,378,"3,9Â Ñ‚Ñ‹Ñ.",35,10,46,ĞšĞ¾Ğ¼Ğ¼ĞµĞ½Ñ‚Ğ°Ñ€Ğ¸Ğ¸: 2Â 622,/story.php?story_fbid=10162104039670725&id=153080620724
Donald J. Trump,,"3,Ñ„ĞµĞ²Ñ€Ğ°Ğ»Ñ,Ğ²,22:00","The motto is, â€œIn God We Trust.â€",42Â Ñ‚Ñ‹Ñ.,34Â Ñ‚Ñ‹Ñ.,595,"7,9Â Ñ‚Ñ‹Ñ.",58,19,61,ĞšĞ¾Ğ¼Ğ¼ĞµĞ½Ñ‚Ğ°Ñ€Ğ¸Ğ¸: 4Â 570,/story.php?story_fbid=10162103858055725&id=153080620724
Donald J. Trump,,"4,Ñ„ĞµĞ²Ñ€Ğ°Ğ»Ñ,Ğ²,20:13","Tomorrow night I will address the nation, sharing my vision for a safer, stronger, and more prosperous America!",25Â Ñ‚Ñ‹Ñ.,21Â Ñ‚Ñ‹Ñ.,479,"3,7Â Ñ‚Ñ‹Ñ.",36,16,62,ĞšĞ¾Ğ¼Ğ¼ĞµĞ½Ñ‚Ğ°Ñ€Ğ¸Ğ¸: 2Â 573,/story.php?story_fbid=10162116799420725&id=153080620724
Donald J. Trump,,"3,Ñ„ĞµĞ²Ñ€Ğ°Ğ»Ñ,Ğ²,04:00","Only fools, or people with a political agenda, donâ€™t want a wall to protect our country from drugs, crime, and human trafficking. It will happen â€“ it always does!",23Â Ñ‚Ñ‹Ñ.,20Â Ñ‚Ñ‹Ñ.,590,"2,4Â Ñ‚Ñ‹Ñ.",59,27,80,ĞšĞ¾Ğ¼Ğ¼ĞµĞ½Ñ‚Ğ°Ñ€Ğ¸Ğ¸: 3Â 222,/story.php?story_fbid=10162104267805725&id=153080620724
Donald J. Trump,,"3,Ñ„ĞµĞ²Ñ€Ğ°Ğ»Ñ,Ğ²,19:00",Tune in to hear how I am fighting for you!,23Â Ñ‚Ñ‹Ñ.,19Â Ñ‚Ñ‹Ñ.,620,"3,4Â Ñ‚Ñ‹Ñ.",39,12,55,ĞšĞ¾Ğ¼Ğ¼ĞµĞ½Ñ‚Ğ°Ñ€Ğ¸Ğ¸: 2Â 708,/story.php?story_fbid=10162108946940725&id=153080620724
Donald J. Trump,,"2,Ñ„ĞµĞ²Ñ€Ğ°Ğ»Ñ,Ğ²,02:21","As one team, one people, and one American family, we can accomplish ANYTHING.",29Â Ñ‚Ñ‹Ñ.,23Â Ñ‚Ñ‹Ñ.,426,5Â Ñ‚Ñ‹Ñ.,43,9,59,ĞšĞ¾Ğ¼Ğ¼ĞµĞ½Ñ‚Ğ°Ñ€Ğ¸Ğ¸: 3Â 597,/story.php?story_fbid=10162103848700725&id=153080620724
Donald J. Trump,,"2,Ñ„ĞµĞ²Ñ€Ğ°Ğ»Ñ,Ğ²,00:21","Best January for the DOW in over 30 years. We have, by far, the STRONGEST economy in the world!",58Â Ñ‚Ñ‹Ñ.,48Â Ñ‚Ñ‹Ñ.,878,"8,6Â Ñ‚Ñ‹Ñ.",208,10,55,ĞšĞ¾Ğ¼Ğ¼ĞµĞ½Ñ‚Ğ°Ñ€Ğ¸Ğ¸: 4Â 355,/story.php?story_fbid=10162103644005725&id=153080620724
Donald J. Trump,,"2,Ñ„ĞµĞ²Ñ€Ğ°Ğ»Ñ,Ğ²,22:01",This isnâ€™t about technology and this isnâ€™t about politics. This is about practicality and SECURITY for our nation!,46Â Ñ‚Ñ‹Ñ.,39Â Ñ‚Ñ‹Ñ.,631,"5,9Â Ñ‚Ñ‹Ñ.",79,29,105,ĞšĞ¾Ğ¼Ğ¼ĞµĞ½Ñ‚Ğ°Ñ€Ğ¸Ğ¸: 4Â 607,/story.php?story_fbid=10162099133595725&id=153080620724
Donald J. Trump,,"1,Ñ„ĞµĞ²Ñ€Ğ°Ğ»Ñ,Ğ²,19:25","America First doesnâ€™t mean America alone. Venezuela, we are with you!",19Â Ñ‚Ñ‹Ñ.,16Â Ñ‚Ñ‹Ñ.,430,"2,6Â Ñ‚Ñ‹Ñ.",59,18,84,ĞšĞ¾Ğ¼Ğ¼ĞµĞ½Ñ‚Ğ°Ñ€Ğ¸Ğ¸: 1Â 976,/story.php?story_fbid=10162102301105725&id=153080620724
Donald J. Trump,,"1,Ñ„ĞµĞ²Ñ€Ğ°Ğ»Ñ,Ğ²,21:10","JOBS, JOBS, JOBS!Ğ Ğ°Ğ±Ğ¾Ñ‡Ğ¸Ğµ Ğ¼ĞµÑÑ‚Ğ°, Ñ€Ğ°Ğ±Ğ¾Ñ‡Ğ¸Ğµ Ğ¼ĞµÑÑ‚Ğ°, Ñ€Ğ°Ğ±Ğ¾Ñ‡Ğ¸Ğµ Ğ¼ĞµÑÑ‚Ğ°!",79Â Ñ‚Ñ‹Ñ.,68Â Ñ‚Ñ‹Ñ.,974,9Â Ñ‚Ñ‹Ñ.,372,13,44,ĞšĞ¾Ğ¼Ğ¼ĞµĞ½Ñ‚Ğ°Ñ€Ğ¸Ğ¸: 3Â 880,/story.php?story_fbid=10162102829890725&id=153080620724
Donald J. Trump,,"1,Ñ„ĞµĞ²Ñ€Ğ°Ğ»Ñ,Ğ²,17:42",The media continue to prove themselves as the true ENEMY OF THE PEOPLE!,26Â Ñ‚Ñ‹Ñ.,23Â Ñ‚Ñ‹Ñ.,814,"1,5Â Ñ‚Ñ‹Ñ.",160,221,343,ĞšĞ¾Ğ¼Ğ¼ĞµĞ½Ñ‚Ğ°Ñ€Ğ¸Ğ¸: 3Â 327,/story.php?story_fbid=10162093394125725&id=153080620724
Donald J. Trump,,"1,Ñ„ĞµĞ²Ñ€Ğ°Ğ»Ñ,Ğ²,07:00","In 5 days, I'm bringing my message straight to YOU.",23Â Ñ‚Ñ‹Ñ.,18Â Ñ‚Ñ‹Ñ.,420,"4,3Â Ñ‚Ñ‹Ñ.",33,9,53,ĞšĞ¾Ğ¼Ğ¼ĞµĞ½Ñ‚Ğ°Ñ€Ğ¸Ğ¸: 3Â 567,/story.php?story_fbid=10162099461580725&id=153080620724
Donald J. Trump,,"1,Ñ„ĞµĞ²Ñ€Ğ°Ğ»Ñ,Ğ²,05:00",These are the consequences of our broken immigration system.,27Â Ñ‚Ñ‹Ñ.,22Â Ñ‚Ñ‹Ñ.,307,"1,4Â Ñ‚Ñ‹Ñ.",392,398,2Â Ñ‚Ñ‹Ñ.,ĞšĞ¾Ğ¼Ğ¼ĞµĞ½Ñ‚Ğ°Ñ€Ğ¸Ğ¸: 3Â 641,/story.php?story_fbid=10162098323935725&id=153080620724
Donald J. Trump,,"1,Ñ„ĞµĞ²Ñ€Ğ°Ğ»Ñ,Ğ²,17:17","President Donald J. Trump's schedule for Friday, February 1st: Â· Meeting on fighting human trafficking on the southern border  Â· Lunch with Secretary of State Â· Travel to Palm Beach, FL",19Â Ñ‚Ñ‹Ñ.,16Â Ñ‚Ñ‹Ñ.,425,"2,3Â Ñ‚Ñ‹Ñ.",39,6,47,ĞšĞ¾Ğ¼Ğ¼ĞµĞ½Ñ‚Ğ°Ñ€Ğ¸Ğ¸: 2Â 697,/story.php?story_fbid=10162101858455725&id=153080620724
Donald J. Trump,,"1,Ñ„ĞµĞ²Ñ€Ğ°Ğ»Ñ,Ğ²,02:25","Now more than ever, we need a WALL!",47Â Ñ‚Ñ‹Ñ.,40Â Ñ‚Ñ‹Ñ.,1Â Ñ‚Ñ‹Ñ.,"4,1Â Ñ‚Ñ‹Ñ.",605,468,932,ĞšĞ¾Ğ¼Ğ¼ĞµĞ½Ñ‚Ğ°Ñ€Ğ¸Ğ¸: 5Â 608,/story.php?story_fbid=10162098158085725&id=153080620724
Donald J. Trump,,"31,ÑĞ½Ğ²Ğ°Ñ€Ñ,Ğ²,18:05","The media tries to make it look like I am against ""intelligence."" I am not! ""Questioning of the CIA and other intelligence agency assessments is precisely what a prudent leader should do before making critical decisions affecting our national security.""",Aric Chen æ›‰å¤© Ğ¸ ĞµÑ‰Ñ‘ 32Â Ñ‚Ñ‹Ñ.,28Â Ñ‚Ñ‹Ñ.,722,"3,1Â Ñ‚Ñ‹Ñ.",70,18,85,ĞšĞ¾Ğ¼Ğ¼ĞµĞ½Ñ‚Ğ°Ñ€Ğ¸Ğ¸: 4Â 992,/story.php?story_fbid=10162093367395725&id=153080620724
Donald J. Trump,,"31,ÑĞ½Ğ²Ğ°Ñ€Ñ,Ğ²,22:39","No more political games. Itâ€™s time to come together, make a deal, and put COUNTRY first!",36Â Ñ‚Ñ‹Ñ.,31Â Ñ‚Ñ‹Ñ.,659,"4,5Â Ñ‚Ñ‹Ñ.",40,10,65,ĞšĞ¾Ğ¼Ğ¼ĞµĞ½Ñ‚Ğ°Ñ€Ğ¸Ğ¸: 4Â 135,/story.php?story_fbid=10162098003095725&id=153080620724
Donald J. Trump,,"31,ÑĞ½Ğ²Ğ°Ñ€Ñ,Ğ²,02:19",It's time to put AMERICA FIRST!,29Â Ñ‚Ñ‹Ñ.,24Â Ñ‚Ñ‹Ñ.,553,"4,7Â Ñ‚Ñ‹Ñ.",40,13,51,ĞšĞ¾Ğ¼Ğ¼ĞµĞ½Ñ‚Ğ°Ñ€Ğ¸Ğ¸: 4Â 359,/story.php?story_fbid=10162094594395725&id=153080620724
Donald J. Trump,,"1,Ñ„ĞµĞ²Ñ€Ğ°Ğ»Ñ,Ğ²,00:25","""China is finally being held accountable, and investors are starting to realize that Trump knows what heâ€™s doing here."" I agree Dr. Gina!",63Â Ñ‚Ñ‹Ñ.,56Â Ñ‚Ñ‹Ñ.,939,"5,8Â Ñ‚Ñ‹Ñ.",188,8,49,ĞšĞ¾Ğ¼Ğ¼ĞµĞ½Ñ‚Ğ°Ñ€Ğ¸Ğ¸: 2Â 566,/story.php?story_fbid=10162093414460725&id=153080620724
Donald J. Trump,,"30,ÑĞ½Ğ²Ğ°Ñ€Ñ,Ğ²,21:00",It's time to prove that we can put COUNTRY before PARTY.,56Â Ñ‚Ñ‹Ñ.,48Â Ñ‚Ñ‹Ñ.,913,"7,4Â Ñ‚Ñ‹Ñ.",82,15,81,ĞšĞ¾Ğ¼Ğ¼ĞµĞ½Ñ‚Ğ°Ñ€Ğ¸Ğ¸: 5Â 025,/story.php?story_fbid=10162093427140725&id=153080620724
Donald J. Trump,,"29,ÑĞ½Ğ²Ğ°Ñ€Ñ,Ğ²,03:16","America is back, bigger and better and stronger than ever before!",36Â Ñ‚Ñ‹Ñ.,29Â Ñ‚Ñ‹Ñ.,969,"5,7Â Ñ‚Ñ‹Ñ.",119,17,77,ĞšĞ¾Ğ¼Ğ¼ĞµĞ½Ñ‚Ğ°Ñ€Ğ¸Ğ¸: 4Â 134,/story.php?story_fbid=10162074410045725&id=153080620724
Donald J. Trump,,"29,ÑĞ½Ğ²Ğ°Ñ€Ñ,Ğ²,21:33","After all that I have done, does anybody really think I wonâ€™t build the WALL? Done more in first two years than any President! MAKE AMERICA GREAT AGAIN!",102Â Ñ‚Ñ‹Ñ.,82Â Ñ‚Ñ‹Ñ.,"1,9Â Ñ‚Ñ‹Ñ.",18Â Ñ‚Ñ‹Ñ.,198,31,152,ĞšĞ¾Ğ¼Ğ¼ĞµĞ½Ñ‚Ğ°Ñ€Ğ¸Ğ¸: 11Â 331,/story.php?story_fbid=10162089194265725&id=153080620724
Donald J. Trump,,"30,ÑĞ½Ğ²Ğ°Ñ€Ñ,Ğ²,23:00","When I took the Oath of Office, I swore to protect our country. And that is what I will always do. Help Build The Wall: Text ""WALL"" to 88022.",47Â Ñ‚Ñ‹Ñ.,39Â Ñ‚Ñ‹Ñ.,1Â Ñ‚Ñ‹Ñ.,"6,5Â Ñ‚Ñ‹Ñ.",84,27,162,ĞšĞ¾Ğ¼Ğ¼ĞµĞ½Ñ‚Ğ°Ñ€Ğ¸Ğ¸: 6Â 323,/story.php?story_fbid=10162093794660725&id=153080620724
Donald J. Trump,,"29,ÑĞ½Ğ²Ğ°Ñ€Ñ,Ğ²,17:34","New poll! Voters in vulnerable Democrat districts â€œsupport the presidentâ€™s position on border security,"" NOT Speaker Pelosi's.",53Â Ñ‚Ñ‹Ñ.,46Â Ñ‚Ñ‹Ñ.,"1,2Â Ñ‚Ñ‹Ñ.","5,9Â Ñ‚Ñ‹Ñ.",131,20,83,ĞšĞ¾Ğ¼Ğ¼ĞµĞ½Ñ‚Ğ°Ñ€Ğ¸Ğ¸: 4Â 797,/story.php?story_fbid=10162088559275725&id=153080620724
Donald J. Trump,,"30,ÑĞ½Ğ²Ğ°Ñ€Ñ,Ğ²,00:22","We are not even into February and the cost of illegal immigration so far this year is $18,959,495,168. There are at least 25,772,342 illegal aliens, not the 11,000,000 that have been reported for years, in our country. So ridiculous!",94Â Ñ‚Ñ‹Ñ.,50Â Ñ‚Ñ‹Ñ.,"1,4Â Ñ‚Ñ‹Ñ.","1,1Â Ñ‚Ñ‹Ñ.",12Â Ñ‚Ñ‹Ñ.,"2,4Â Ñ‚Ñ‹Ñ.",26Â Ñ‚Ñ‹Ñ.,ĞšĞ¾Ğ¼Ğ¼ĞµĞ½Ñ‚Ğ°Ñ€Ğ¸Ğ¸: 16Â 184,/story.php?story_fbid=10162085511410725&id=153080620724
Donald J. Trump,,"26,ÑĞ½Ğ²Ğ°Ñ€Ñ,Ğ²,23:21","Estamos con ustedes, Venezuela. Con el gran liderazgo de nuestros aliados, el Presidente Trump y el Vicepresidente Pence hemos enviado una seÃ±al clara â€“â€“estamos con ustedes y tendrÃ¡n la posibilidad de restaurar la libertad y la democracÃ­a en Venezuela de nuevamente. We are with you, Venezuela, With fearless leadership and together with our allies, President Trump and Vice-President Pence have sent a clear signal to the people of Venezuelaâ€“â€“we are with you, and you now have the ability to restore freedom and democracy once again in Venezuela. #ElMundoConVzla",15Â Ñ‚Ñ‹Ñ.,13Â Ñ‚Ñ‹Ñ.,501,"2,2Â Ñ‚Ñ‹Ñ.",72,23,73,ĞšĞ¾Ğ¼Ğ¼ĞµĞ½Ñ‚Ğ°Ñ€Ğ¸Ğ¸: 3Â 044,/story.php?story_fbid=10162078267340725&id=153080620724
Donald J. Trump,,"29,ÑĞ½Ğ²Ğ°Ñ€Ñ,Ğ²,01:00",Do you think the media will report on this and all of the other great economic news?,21Â Ñ‚Ñ‹Ñ.,17Â Ñ‚Ñ‹Ñ.,580,"3,3Â Ñ‚Ñ‹Ñ.",91,22,50,ĞšĞ¾Ğ¼Ğ¼ĞµĞ½Ñ‚Ğ°Ñ€Ğ¸Ğ¸: 2Â 829,/story.php?story_fbid=10162074408805725&id=153080620724
Donald J. Trump,,"28,ÑĞ½Ğ²Ğ°Ñ€Ñ,Ğ²,23:00","The United States has a GREAT economic story to tell.  Number one in the world, by far!Ğ¡Ğ¾ĞµĞ´Ğ¸Ğ½ĞµĞ½Ğ½Ñ‹Ğµ Ğ¨Ñ‚Ğ°Ñ‚Ñ‹ Ğ¸Ğ¼ĞµÑÑ‚ Ğ±Ğ¾Ğ»ÑŒÑˆÑƒÑ ÑĞºĞ¾Ğ½Ğ¾Ğ¼Ğ¸Ñ‡ĞµÑĞºÑƒÑ Ğ¸ÑÑ‚Ğ¾Ñ€Ğ¸Ñ, Ñ‡Ñ‚Ğ¾Ğ±Ñ‹ Ñ€Ğ°ÑÑĞºĞ°Ğ·Ğ°Ñ‚ÑŒ Ğ¾Ğ± ÑÑ‚Ğ¾Ğ¼. ĞĞ¾Ğ¼ĞµÑ€ Ğ¾Ğ´Ğ¸Ğ½ Ğ² Ğ¼Ğ¸Ñ€Ğµ, Ğ´Ğ°Ğ»ĞµĞºĞ¾!",35Â Ñ‚Ñ‹Ñ.,29Â Ñ‚Ñ‹Ñ.,680,"5,5Â Ñ‚Ñ‹Ñ.",146,10,64,ĞšĞ¾Ğ¼Ğ¼ĞµĞ½Ñ‚Ğ°Ñ€Ğ¸Ğ¸: 3Â 239,/story.php?story_fbid=10162074407935725&id=153080620724
Donald J. Trump,,"27,ÑĞ½Ğ²Ğ°Ñ€Ñ,Ğ²,21:35",We pledge with all of our might and resolve: never again.,73Â Ñ‚Ñ‹Ñ.,51Â Ñ‚Ñ‹Ñ.,241,"7,7Â Ñ‚Ñ‹Ñ.",130,13Â Ñ‚Ñ‹Ñ.,120,ĞšĞ¾Ğ¼Ğ¼ĞµĞ½Ñ‚Ğ°Ñ€Ğ¸Ğ¸: 4Â 506,/story.php?story_fbid=10162081871215725&id=153080620724
Donald J. Trump,,"28,ÑĞ½Ğ²Ğ°Ñ€Ñ,Ğ²,18:45","African American, Asian American, and Hispanic American unemployment rates have reached RECORD LOWS!",26Â Ñ‚Ñ‹Ñ.,22Â Ñ‚Ñ‹Ñ.,481,"3,8Â Ñ‚Ñ‹Ñ.",99,17,54,ĞšĞ¾Ğ¼Ğ¼ĞµĞ½Ñ‚Ğ°Ñ€Ğ¸Ğ¸: 3Â 176,/story.php?story_fbid=10162070218010725&id=153080620724
Donald J. Trump,,"26,ÑĞ½Ğ²Ğ°Ñ€Ñ,Ğ²,19:00","Many disagree, but I really feel that working with Democrats and Republicans, we can make a truly GREAT and SECURE deal happen for everyone.",33Â Ñ‚Ñ‹Ñ.,27Â Ñ‚Ñ‹Ñ.,732,"4,4Â Ñ‚Ñ‹Ñ.",80,63,151,ĞšĞ¾Ğ¼Ğ¼ĞµĞ½Ñ‚Ğ°Ñ€Ğ¸Ğ¸: 7Â 614,/story.php?story_fbid=10162074922740725&id=153080620724
Donald J. Trump,,"26,ÑĞ½Ğ²Ğ°Ñ€Ñ,Ğ²,02:16","In a short while, I will sign a bill to open our Government for three weeks until February 15th. I will make sure that all employees receive their back pay very quickly.",55Â Ñ‚Ñ‹Ñ.,45Â Ñ‚Ñ‹Ñ.,1Â Ñ‚Ñ‹Ñ.,"7,4Â Ñ‚Ñ‹Ñ.",239,243,722,ĞšĞ¾Ğ¼Ğ¼ĞµĞ½Ñ‚Ğ°Ñ€Ğ¸Ğ¸: 9Â 729,/story.php?story_fbid=10162074472025725&id=153080620724
Donald J. Trump,,"25,ÑĞ½Ğ²Ğ°Ñ€Ñ,Ğ²,23:00",Democrats â€“ stop playing games and give Americans the GREAT border security they deserve!,37Â Ñ‚Ñ‹Ñ.,31Â Ñ‚Ñ‹Ñ.,817,"2,2Â Ñ‚Ñ‹Ñ.",151,404,"3,2Â Ñ‚Ñ‹Ñ.",ĞšĞ¾Ğ¼Ğ¼ĞµĞ½Ñ‚Ğ°Ñ€Ğ¸Ğ¸: 10Â 757,/story.php?story_fbid=10162069564955725&id=153080620724
Donald J. Trump,,"26,ÑĞ½Ğ²Ğ°Ñ€Ñ,Ğ²,04:17","Let me be very clear: We have no choice but to build a powerful wall or steel barrier. If we donâ€™t get a fair deal from Congress, the government will either shut down on February 15th, again, or I will use the powers afforded to me under the laws and the Constitution of the United States to address this emergency.",79Â Ñ‚Ñ‹Ñ.,64Â Ñ‚Ñ‹Ñ.,"1,4Â Ñ‚Ñ‹Ñ.",12Â Ñ‚Ñ‹Ñ.,173,110,411,ĞšĞ¾Ğ¼Ğ¼ĞµĞ½Ñ‚Ğ°Ñ€Ğ¸Ğ¸: 13Â 872,/story.php?story_fbid=10162074923610725&id=153080620724
"Donald J. Trump,The White House",The White House,"26,ÑĞ½Ğ²Ğ°Ñ€Ñ,Ğ²,00:17",WATCH LIVE: President Trump delivers remarks regarding the shutdown,13Â Ñ‚Ñ‹Ñ.,10Â Ñ‚Ñ‹Ñ.,458,"2,3Â Ñ‚Ñ‹Ñ.",55,76,230,ĞšĞ¾Ğ¼Ğ¼ĞµĞ½Ñ‚Ğ°Ñ€Ğ¸Ğ¸: 3Â 389,/story.php?story_fbid=10162073668165725&id=153080620724
Donald J. Trump,,"25,ÑĞ½Ğ²Ğ°Ñ€Ñ,Ğ²,20:35","Securing the Southern Border is a very, very big deal. It should have been done by all of the presidents that preceded me, but they couldn't get it done. We're going to get it done!",43Â Ñ‚Ñ‹Ñ.,35Â Ñ‚Ñ‹Ñ.,780,"6,5Â Ñ‚Ñ‹Ñ.",63,38,145,ĞšĞ¾Ğ¼Ğ¼ĞµĞ½Ñ‚Ğ°Ñ€Ğ¸Ğ¸: 6Â 786,/story.php?story_fbid=10162070291015725&id=153080620724
Donald J. Trump,,"25,ÑĞ½Ğ²Ğ°Ñ€Ñ,Ğ²,16:30","President Donald J. Trumpâ€™s schedule for Friday, January 25th: Â· Lunch with the Secretary of State Â· Discussion on economic growth with our Nationâ€™s mayors Â· Roundtable with Hispanic pastors",13Â Ñ‚Ñ‹Ñ.,11Â Ñ‚Ñ‹Ñ.,392,"1,5Â Ñ‚Ñ‹Ñ.",24,7,41,ĞšĞ¾Ğ¼Ğ¼ĞµĞ½Ñ‚Ğ°Ñ€Ğ¸Ğ¸: 2Â 367,/story.php?story_fbid=10162071188260725&id=153080620724
Donald J. Trump,,"25,ÑĞ½Ğ²Ğ°Ñ€Ñ,Ğ²,03:44","If we ever let the Radical Left control our borders, we would have crime, drugs, and human trafficking like we have never seen before in the HISTORY of our country!",39Â Ñ‚Ñ‹Ñ.,33Â Ñ‚Ñ‹Ñ.,814,"4,3Â Ñ‚Ñ‹Ñ.",108,204,234,ĞšĞ¾Ğ¼Ğ¼ĞµĞ½Ñ‚Ğ°Ñ€Ğ¸Ğ¸: 6Â 656,/story.php?story_fbid=10162070315000725&id=153080620724
Donald J. Trump,,"25,ÑĞ½Ğ²Ğ°Ñ€Ñ,Ğ²,18:00","Waiting on Democrats to come to the table!  â€œPresident Trump has repeatedly offered to reach across the table and make a deal, but Democrats wonâ€™t even attend a lunch at the White House to discuss potential compromise solutions to the border crisis.â€ - Dr. Lou Holtz",46Â Ñ‚Ñ‹Ñ.,38Â Ñ‚Ñ‹Ñ.,795,"1,7Â Ñ‚Ñ‹Ñ.",442,754,5Â Ñ‚Ñ‹Ñ.,ĞšĞ¾Ğ¼Ğ¼ĞµĞ½Ñ‚Ğ°Ñ€Ğ¸Ğ¸: 9Â 116,/story.php?story_fbid=10162069521695725&id=153080620724
Donald J. Trump,,"25,ÑĞ½Ğ²Ğ°Ñ€Ñ,Ğ²,05:27","Los Democratas no son la voz de la comunidad Hispana en EEUU. Escuchen porque Maria Elvira Salazar una latina, apoya al President Trump y el Partido Republicano en esta entrevista con John Pence. Democrats aren't the voice for Hispanics in America. Listen to why Maria Elvira Salazar supports President Trump and the GOP as a Hispanic woman in this interview with John Pence.  #Latinos4Trump",13Â Ñ‚Ñ‹Ñ.,10Â Ñ‚Ñ‹Ñ.,583,"1,7Â Ñ‚Ñ‹Ñ.",54,11,43,ĞšĞ¾Ğ¼Ğ¼ĞµĞ½Ñ‚Ğ°Ñ€Ğ¸Ğ¸: 2Â 253,/story.php?story_fbid=10162070000230725&id=153080620724
Donald J. Trump,,"24,ÑĞ½Ğ²Ğ°Ñ€Ñ,Ğ²,20:20",More people are working in the United States today than at any time in the HISTORY of our country. Media barely covers!,73Â Ñ‚Ñ‹Ñ.,61Â Ñ‚Ñ‹Ñ.,"1,3Â Ñ‚Ñ‹Ñ.","9,7Â Ñ‚Ñ‹Ñ.",379,51,163,ĞšĞ¾Ğ¼Ğ¼ĞµĞ½Ñ‚Ğ°Ñ€Ğ¸Ğ¸: 7Â 127,/story.php?story_fbid=10162068981465725&id=153080620724
Donald J. Trump,,"24,ÑĞ½Ğ²Ğ°Ñ€Ñ,Ğ²,23:22",The State of the Union Address has been canceled by Nancy Pelosi because she doesnâ€™t want to hear the truth and she doesnâ€™t want the American public to know the TRUTH!,66Â Ñ‚Ñ‹Ñ.,52Â Ñ‚Ñ‹Ñ.,"1,2Â Ñ‚Ñ‹Ñ.","5,2Â Ñ‚Ñ‹Ñ.",772,"4,1Â Ñ‚Ñ‹Ñ.","2,8Â Ñ‚Ñ‹Ñ.",ĞšĞ¾Ğ¼Ğ¼ĞµĞ½Ñ‚Ğ°Ñ€Ğ¸Ğ¸: 13Â 728,/story.php?story_fbid=10162069507575725&id=153080620724
Donald J. Trump,,"23,ÑĞ½Ğ²Ğ°Ñ€Ñ,Ğ²,17:40","President Donald J. Trumpâ€™s schedule for Wednesday, January 23rd: Â· Briefing call on immigration proposal with State, local, and community leaders Â· Fair and honest pricing in healthcare roundtable Â· Meeting with conservative leaders on immigration proposal",12Â Ñ‚Ñ‹Ñ.,10Â Ñ‚Ñ‹Ñ.,303,"1,6Â Ñ‚Ñ‹Ñ.",35,5,43,ĞšĞ¾Ğ¼Ğ¼ĞµĞ½Ñ‚Ğ°Ñ€Ğ¸Ğ¸: 2Â 591,/story.php?story_fbid=10162064916475725&id=153080620724
Donald J. Trump,,"24,ÑĞ½Ğ²Ğ°Ñ€Ñ,Ğ²,00:27",BUILD A WALL & CRIME WILL FALL!,88Â Ñ‚Ñ‹Ñ.,73Â Ñ‚Ñ‹Ñ.,3Â Ñ‚Ñ‹Ñ.,11Â Ñ‚Ñ‹Ñ.,135,40,208,ĞšĞ¾Ğ¼Ğ¼ĞµĞ½Ñ‚Ğ°Ñ€Ğ¸Ğ¸: 11Â 794,/story.php?story_fbid=10162066132890725&id=153080620724
Donald J. Trump,,"23,ÑĞ½Ğ²Ğ°Ñ€Ñ,Ğ²,19:07","I've put forward a commonsense plan to reopen the government and secure the border. Many of the ideas in this plan have been proposed, and previously supported, by Democrats themselves. Let's make a deal!",16Â Ñ‚Ñ‹Ñ.,14Â Ñ‚Ñ‹Ñ.,488,"1,9Â Ñ‚Ñ‹Ñ.",35,18,85,ĞšĞ¾Ğ¼Ğ¼ĞµĞ½Ñ‚Ğ°Ñ€Ğ¸Ğ¸: 3Â 839,/story.php?story_fbid=10162062740000725&id=153080620724
Donald J. Trump,,"23,ÑĞ½Ğ²Ğ°Ñ€Ñ,Ğ²,04:28","This is a commonsense compromise BOTH parties should embrace â€“ it provides humanitarian relief, delivers real border security, and immediately reopens our federal government.",31Â Ñ‚Ñ‹Ñ.,26Â Ñ‚Ñ‹Ñ.,631,"4,5Â Ñ‚Ñ‹Ñ.",56,20,140,ĞšĞ¾Ğ¼Ğ¼ĞµĞ½Ñ‚Ğ°Ñ€Ğ¸Ğ¸: 5Â 159,/story.php?story_fbid=10162062016620725&id=153080620724
Donald J. Trump,,"22,ÑĞ½Ğ²Ğ°Ñ€Ñ,Ğ²,20:59","As a candidate for President, I promised I would fix this crisis, and I intend to keep that promise one way or the other.",26Â Ñ‚Ñ‹Ñ.,21Â Ñ‚Ñ‹Ñ.,513,"4,5Â Ñ‚Ñ‹Ñ.",29,12,93,ĞšĞ¾Ğ¼Ğ¼ĞµĞ½Ñ‚Ğ°Ñ€Ğ¸Ğ¸: 3Â 789,/story.php?story_fbid=10162061357835725&id=153080620724
Donald J. Trump,,"22,ÑĞ½Ğ²Ğ°Ñ€Ñ,Ğ²,00:00",â€œThe fact that President Trump has been able to achieve so much of his agenda despite the coordinated campaign to defy him is astounding.â€  So true. We've accomplished the unthinkable and we're still WINNING despite constant attacks!,67Â Ñ‚Ñ‹Ñ.,56Â Ñ‚Ñ‹Ñ.,"1,2Â Ñ‚Ñ‹Ñ.",10Â Ñ‚Ñ‹Ñ.,107,27,115,ĞšĞ¾Ğ¼Ğ¼ĞµĞ½Ñ‚Ğ°Ñ€Ğ¸Ğ¸: 6Â 800,/story.php?story_fbid=10162057708700725&id=153080620724
Donald J. Trump,,"23,ÑĞ½Ğ²Ğ°Ñ€Ñ,Ğ²,02:32","My poll numbers have gone way up with Hispanics. That is because they know the border issue better than anyone, and they want security!",48Â Ñ‚Ñ‹Ñ.,41Â Ñ‚Ñ‹Ñ.,"1,1Â Ñ‚Ñ‹Ñ.","5,7Â Ñ‚Ñ‹Ñ.",124,18,82,ĞšĞ¾Ğ¼Ğ¼ĞµĞ½Ñ‚Ğ°Ñ€Ğ¸Ğ¸: 3Â 724,/story.php?story_fbid=10162062589670725&id=153080620724
Donald J. Trump,,"22,ÑĞ½Ğ²Ğ°Ñ€Ñ,Ğ²,23:36","I can promise you this: I will never forget that my first duty, and ultimate loyalty, is to YOU, the American people.",39Â Ñ‚Ñ‹Ñ.,31Â Ñ‚Ñ‹Ñ.,727,7Â Ñ‚Ñ‹Ñ.,42,18,121,ĞšĞ¾Ğ¼Ğ¼ĞµĞ½Ñ‚Ğ°Ñ€Ğ¸Ğ¸: 4Â 943,/story.php?story_fbid=10162062012070725&id=153080620724
Donald J. Trump,,"21,ÑĞ½Ğ²Ğ°Ñ€Ñ,Ğ²,20:24","PROMISES MADE, PROMISES KEPT!",111Â Ñ‚Ñ‹Ñ.,94Â Ñ‚Ñ‹Ñ.,"1,6Â Ñ‚Ñ‹Ñ.",14Â Ñ‚Ñ‹Ñ.,172,29,145,ĞšĞ¾Ğ¼Ğ¼ĞµĞ½Ñ‚Ğ°Ñ€Ğ¸Ğ¸: 5Â 486,/story.php?story_fbid=10162057470105725&id=153080620724
Donald J. Trump,,"20,ÑĞ½Ğ²Ğ°Ñ€Ñ,Ğ²,18:18","I made a pledge to Angel Families, and to all Americans, to fix our broken immigration system. I will not stop fighting until our borders are safe and secure!  Tell Nancy you want the wall: https://bit.ly/2FLsmdN",51Â Ñ‚Ñ‹Ñ.,44Â Ñ‚Ñ‹Ñ.,528,"5,8Â Ñ‚Ñ‹Ñ.",78,171,193,ĞšĞ¾Ğ¼Ğ¼ĞµĞ½Ñ‚Ğ°Ñ€Ğ¸Ğ¸: 4Â 645,/story.php?story_fbid=10162049833070725&id=153080620724
Donald J. Trump,,"21,ÑĞ½Ğ²Ğ°Ñ€Ñ,Ğ²,01:54","Two years ago today, I promised: â€œOur country will THRIVE and PROSPER again.â€ Weâ€™re bringing back our jobs, securing our borders, restoring our wealth, and WINNING like never before. The forgotten men and women are no longer forgotten!ğŸ‡ºğŸ‡¸",25Â Ñ‚Ñ‹Ñ.,20Â Ñ‚Ñ‹Ñ.,722,"4,1Â Ñ‚Ñ‹Ñ.",41,15,95,ĞšĞ¾Ğ¼Ğ¼ĞµĞ½Ñ‚Ğ°Ñ€Ğ¸Ğ¸: 4Â 080,/story.php?story_fbid=10162054215595725&id=153080620724
Donald J. Trump,,"20,ÑĞ½Ğ²Ğ°Ñ€Ñ,Ğ²,23:13","Diamond And Silk have a message for Democrats and the media:  ""The American people arenâ€™t blind, when we look at the mess on our southern border, we see it for what it is: A CRISIS.""",32Â Ñ‚Ñ‹Ñ.,29Â Ñ‚Ñ‹Ñ.,699,"2,9Â Ñ‚Ñ‹Ñ.",97,91,136,ĞšĞ¾Ğ¼Ğ¼ĞµĞ½Ñ‚Ğ°Ñ€Ğ¸Ğ¸: 3Â 754,/story.php?story_fbid=10162046923070725&id=153080620724
Donald J. Trump,,"21,ÑĞ½Ğ²Ğ°Ñ€Ñ,Ğ²,21:35","Today we celebrate Dr. Martin Luther King, Jr. for standing up for the self-evident truth Americans hold so dear, that no matter what the color of our skin or the place of our birth, we are all created equal by God. https://bit.ly/2RUJNPO",51Â Ñ‚Ñ‹Ñ.,42Â Ñ‚Ñ‹Ñ.,703,"7,8Â Ñ‚Ñ‹Ñ.",101,35,123,ĞšĞ¾Ğ¼Ğ¼ĞµĞ½Ñ‚Ğ°Ñ€Ğ¸Ğ¸: 3Â 717,/story.php?story_fbid=10162057747540725&id=153080620724
Donald J. Trump,,"19,ÑĞ½Ğ²Ğ°Ñ€Ñ,Ğ²,23:45","There is no question that we have a tremendous humanitarian and security crisis at our southern border. Every day that Democrats refuse to fund the border security measures that they supported in the past, the crisis gets worse!",18Â Ñ‚Ñ‹Ñ.,15Â Ñ‚Ñ‹Ñ.,473,2Â Ñ‚Ñ‹Ñ.,54,110,175,ĞšĞ¾Ğ¼Ğ¼ĞµĞ½Ñ‚Ğ°Ñ€Ğ¸Ğ¸: 3Â 764,/story.php?story_fbid=10162049658380725&id=153080620724
Donald J. Trump,,"20,ÑĞ½Ğ²Ğ°Ñ€Ñ,Ğ²,08:06","""As a mother who lost her child at the hands of failed immigration policies, I know just how important border security is to American families.â€ - Marie Vega, Angel Mom",37Â Ñ‚Ñ‹Ñ.,25Â Ñ‚Ñ‹Ñ.,177,"2,1Â Ñ‚Ñ‹Ñ.",130,"8,6Â Ñ‚Ñ‹Ñ.",463,ĞšĞ¾Ğ¼Ğ¼ĞµĞ½Ñ‚Ğ°Ñ€Ğ¸Ğ¸: 3Â 945,/story.php?story_fbid=10162043120910725&id=153080620724
"Donald J. Trump,The White House",The White House,"20,ÑĞ½Ğ²Ğ°Ñ€Ñ,Ğ²,02:00",WATCH LIVE as President Trump Delivers Remarks on the Humanitarian Crisis on Our Southern Border and the Shutdown,19Â Ñ‚Ñ‹Ñ.,14Â Ñ‚Ñ‹Ñ.,409,4Â Ñ‚Ñ‹Ñ.,34,23,124,ĞšĞ¾Ğ¼Ğ¼ĞµĞ½Ñ‚Ğ°Ñ€Ğ¸Ğ¸: 3Â 814,/story.php?story_fbid=10162050893860725&id=153080620724
Donald J. Trump,,"19,ÑĞ½Ğ²Ğ°Ñ€Ñ,Ğ²,00:00",I have a great idea that will give Chuck and Nancy no choice but to listen to the American people: Send a BRICK straight to their offices and remind them WE NEED THE WALL!,129Â Ñ‚Ñ‹Ñ.,86Â Ñ‚Ñ‹Ñ.,27Â Ñ‚Ñ‹Ñ.,13Â Ñ‚Ñ‹Ñ.,465,105,659,ĞšĞ¾Ğ¼Ğ¼ĞµĞ½Ñ‚Ğ°Ñ€Ğ¸Ğ¸: 16Â 079,/story.php?story_fbid=10162046561430725&id=153080620724
Donald J. Trump,,"19,ÑĞ½Ğ²Ğ°Ñ€Ñ,Ğ²,20:12",We have a country that is being invaded by criminals and drugs and we're going to STOP IT.,Donald J. Trump Ğ¸ ĞµÑ‰Ñ‘ 30Â Ñ‚Ñ‹Ñ.,25Â Ñ‚Ñ‹Ñ.,653,"3,5Â Ñ‚Ñ‹Ñ.",177,88,247,ĞšĞ¾Ğ¼Ğ¼ĞµĞ½Ñ‚Ğ°Ñ€Ğ¸Ğ¸: 5Â 087,/story.php?story_fbid=10162042672285725&id=153080620724
Donald J. Trump,,"18,ÑĞ½Ğ²Ğ°Ñ€Ñ,Ğ²,01:56","Without a strong border, America is defenseless, vulnerable, and unprotected. We need STRONG borders!",37Â Ñ‚Ñ‹Ñ.,31Â Ñ‚Ñ‹Ñ.,647,"5,2Â Ñ‚Ñ‹Ñ.",34,19,221,ĞšĞ¾Ğ¼Ğ¼ĞµĞ½Ñ‚Ğ°Ñ€Ğ¸Ğ¸: 5Â 012,/story.php?story_fbid=10162042515640725&id=153080620724
Donald J. Trump,,"18,ÑĞ½Ğ²Ğ°Ñ€Ñ,Ğ²,05:46","Our goal is simple: to ensure that we can DETECT and DESTROY any missile launched against the United Statesâ€”anywhere, anytime, anyplace.",25Â Ñ‚Ñ‹Ñ.,21Â Ñ‚Ñ‹Ñ.,366,"3,5Â Ñ‚Ñ‹Ñ.",63,14,123,ĞšĞ¾Ğ¼Ğ¼ĞµĞ½Ñ‚Ğ°Ñ€Ğ¸Ğ¸: 2Â 995,/story.php?story_fbid=10162043008890725&id=153080620724
Donald J. Trump,,"18,ÑĞ½Ğ²Ğ°Ñ€Ñ,Ğ²,17:06","President Donald J. Trumpâ€™s schedule for Friday, January 18th: Â· Meeting with Secretary of the Treasury",14Â Ñ‚Ñ‹Ñ.,12Â Ñ‚Ñ‹Ñ.,490,"1,6Â Ñ‚Ñ‹Ñ.",36,6,92,ĞšĞ¾Ğ¼Ğ¼ĞµĞ½Ñ‚Ğ°Ñ€Ğ¸Ğ¸: 2Â 560,/story.php?story_fbid=10162044987300725&id=153080620724
Donald J. Trump,,"18,ÑĞ½Ğ²Ğ°Ñ€Ñ,Ğ²,22:03","I will never, EVER back down.",112Â Ñ‚Ñ‹Ñ.,88Â Ñ‚Ñ‹Ñ.,"1,6Â Ñ‚Ñ‹Ñ.",21Â Ñ‚Ñ‹Ñ.,126,30,293,ĞšĞ¾Ğ¼Ğ¼ĞµĞ½Ñ‚Ğ°Ñ€Ğ¸Ğ¸: 10Â 053,/story.php?story_fbid=10162046155080725&id=153080620724
Donald J. Trump,,"17,ÑĞ½Ğ²Ğ°Ñ€Ñ,Ğ²,20:26","If we donâ€™t defend our borders, then we cease to be a nation.",74Â Ñ‚Ñ‹Ñ.,62Â Ñ‚Ñ‹Ñ.,"1,2Â Ñ‚Ñ‹Ñ.",10Â Ñ‚Ñ‹Ñ.,87,33,170,ĞšĞ¾Ğ¼Ğ¼ĞµĞ½Ñ‚Ğ°Ñ€Ğ¸Ğ¸: 6Â 122,/story.php?story_fbid=10162041412425725&id=153080620724
Donald J. Trump,,"18,ÑĞ½Ğ²Ğ°Ñ€Ñ,Ğ²,19:22","Hopefully, Democrat lawmakers will step forward to do what is RIGHT for our countryâ€”and what is right is border security at the STRONGEST level.",29Â Ñ‚Ñ‹Ñ.,25Â Ñ‚Ñ‹Ñ.,615,"3,6Â Ñ‚Ñ‹Ñ.",67,52,238,ĞšĞ¾Ğ¼Ğ¼ĞµĞ½Ñ‚Ğ°Ñ€Ğ¸Ğ¸: 4Â 629,/story.php?story_fbid=10162043000005725&id=153080620724
Donald J. Trump,,"18,ÑĞ½Ğ²Ğ°Ñ€Ñ,Ğ²,00:35",Dear Madame Speaker...,575Â Ñ‚Ñ‹Ñ.,362Â Ñ‚Ñ‹Ñ.,73Â Ñ‚Ñ‹Ñ.,135Â Ñ‚Ñ‹Ñ.,"2,1Â Ñ‚Ñ‹Ñ.",172,935,ĞšĞ¾Ğ¼Ğ¼ĞµĞ½Ñ‚Ğ°Ñ€Ğ¸Ğ¸: 64Â 438,/story.php?story_fbid=10162042221195725&id=153080620724
Donald J. Trump,,"17,ÑĞ½Ğ²Ğ°Ñ€Ñ,Ğ²,17:11","President Donald J. Trumpâ€™s schedule for Thursday, January 17th: Â· Missile Defense Review Announcement",13Â Ñ‚Ñ‹Ñ.,11Â Ñ‚Ñ‹Ñ.,401,"1,5Â Ñ‚Ñ‹Ñ.",34,9,70,ĞšĞ¾Ğ¼Ğ¼ĞµĞ½Ñ‚Ğ°Ñ€Ğ¸Ğ¸: 2Â 209,/story.php?story_fbid=10162040861535725&id=153080620724
"Donald J. Trump,The White House",The White House,"17,ÑĞ½Ğ²Ğ°Ñ€Ñ,Ğ²,21:31",Watch Live: President Trump Participates in the Missile Defense Review Announcement,10Â Ñ‚Ñ‹Ñ.,"8,2Â Ñ‚Ñ‹Ñ.",210,"1,5Â Ñ‚Ñ‹Ñ.",27,10,81,ĞšĞ¾Ğ¼Ğ¼ĞµĞ½Ñ‚Ğ°Ñ€Ğ¸Ğ¸: 1Â 147,/story.php?story_fbid=10162041619105725&id=153080620724
Donald J. Trump,,"17,ÑĞ½Ğ²Ğ°Ñ€Ñ,Ğ²,01:37",You cannot have border security without a wall.,62Â Ñ‚Ñ‹Ñ.,53Â Ñ‚Ñ‹Ñ.,"1,2Â Ñ‚Ñ‹Ñ.","7,7Â Ñ‚Ñ‹Ñ.",76,28,239,ĞšĞ¾Ğ¼Ğ¼ĞµĞ½Ñ‚Ğ°Ñ€Ğ¸Ğ¸: 6Â 551,/story.php?story_fbid=10162017180780725&id=153080620724
Donald J. Trump,,"16,ÑĞ½Ğ²Ğ°Ñ€Ñ,Ğ²,20:02",This is the reason why Democrats donâ€™t want the wall: they all know it WORKS!,37Â Ñ‚Ñ‹Ñ.,31Â Ñ‚Ñ‹Ñ.,869,"4,7Â Ñ‚Ñ‹Ñ.",58,31,163,ĞšĞ¾Ğ¼Ğ¼ĞµĞ½Ñ‚Ğ°Ñ€Ğ¸Ğ¸: 4Â 688,/story.php?story_fbid=10162035158735725&id=153080620724
Donald J. Trump,,"17,ÑĞ½Ğ²Ğ°Ñ€Ñ,Ğ²,04:07","We must have border security â€“ not for political purposes, but for our COUNTRY and for the SAFETY of our communities.",47Â Ñ‚Ñ‹Ñ.,39Â Ñ‚Ñ‹Ñ.,681,"6,6Â Ñ‚Ñ‹Ñ.",57,25,195,ĞšĞ¾Ğ¼Ğ¼ĞµĞ½Ñ‚Ğ°Ñ€Ğ¸Ğ¸: 6Â 526,/story.php?story_fbid=10162038778835725&id=153080620724
Donald J. Trump,,"16,ÑĞ½Ğ²Ğ°Ñ€Ñ,Ğ²,17:00","President Donald J. Trumpâ€™s schedule for Wednesday, January 16th: Â· Meeting with Problem Solvers Caucus Â· Lunch with Secretary of State Â· Signing ceremony for S. 24, â€œGovernment Employee Fair Treatment Act of 2019â€",13Â Ñ‚Ñ‹Ñ.,11Â Ñ‚Ñ‹Ñ.,348,"1,5Â Ñ‚Ñ‹Ñ.",29,7,67,ĞšĞ¾Ğ¼Ğ¼ĞµĞ½Ñ‚Ğ°Ñ€Ğ¸Ğ¸: 2Â 338,/story.php?story_fbid=10162036548515725&id=153080620724
Donald J. Trump,,"16,ÑĞ½Ğ²Ğ°Ñ€Ñ,Ğ²,22:09",It is becoming more and more obvious that the Radical Democrats are a party of open borders and crime. They want nothing to do with the major Humanitarian Crisis on our Southern Border. 2020!,33Â Ñ‚Ñ‹Ñ.,28Â Ñ‚Ñ‹Ñ.,766,"3,5Â Ñ‚Ñ‹Ñ.",112,274,510,ĞšĞ¾Ğ¼Ğ¼ĞµĞ½Ñ‚Ğ°Ñ€Ğ¸Ğ¸: 6Â 012,/story.php?story_fbid=10162037392620725&id=153080620724
Donald J. Trump,,"16,ÑĞ½Ğ²Ğ°Ñ€Ñ,Ğ²,07:29",Working hard!Ğ£ÑĞµÑ€Ğ´Ğ½Ğ¾ Ñ€Ğ°Ğ±Ğ¾Ñ‚Ğ°ĞµĞ¼!,22Â Ñ‚Ñ‹Ñ.,19Â Ñ‚Ñ‹Ñ.,794,"1,9Â Ñ‚Ñ‹Ñ.",55,6,77,ĞšĞ¾Ğ¼Ğ¼ĞµĞ½Ñ‚Ğ°Ñ€Ğ¸Ğ¸: 1Â 918,/story.php?story_fbid=10162035822545725&id=153080620724
Donald J. Trump,,"16,ÑĞ½Ğ²Ğ°Ñ€Ñ,Ğ²,01:07",Veterans unemployment has reached an 18-YEAR LOW. Do you think the media will report on this and all of the other great economic news?,15Â Ñ‚Ñ‹Ñ.,12Â Ñ‚Ñ‹Ñ.,283,"2,4Â Ñ‚Ñ‹Ñ.",64,19,38,ĞšĞ¾Ğ¼Ğ¼ĞµĞ½Ñ‚Ğ°Ñ€Ğ¸Ğ¸: 1Â 976,/story.php?story_fbid=10162034583740725&id=153080620724
Donald J. Trump,,"15,ÑĞ½Ğ²Ğ°Ñ€Ñ,Ğ²,21:21",More and more people are realizing that the Democrats care more about power than doing what is right for the country. I am fighting for ALL Americans!,27Â Ñ‚Ñ‹Ñ.,23Â Ñ‚Ñ‹Ñ.,664,3Â Ñ‚Ñ‹Ñ.,54,43,108,ĞšĞ¾Ğ¼Ğ¼ĞµĞ½Ñ‚Ğ°Ñ€Ğ¸Ğ¸: 3Â 335,/story.php?story_fbid=10162033305165725&id=153080620724
Donald J. Trump,,"16,ÑĞ½Ğ²Ğ°Ñ€Ñ,Ğ²,04:02",The crisis of illegal immigration impacts ALL Americans.,30Â Ñ‚Ñ‹Ñ.,26Â Ñ‚Ñ‹Ñ.,558,"3,4Â Ñ‚Ñ‹Ñ.",71,50,123,ĞšĞ¾Ğ¼Ğ¼ĞµĞ½Ñ‚Ğ°Ñ€Ğ¸Ğ¸: 4Â 535,/story.php?story_fbid=10162035135455725&id=153080620724
Donald J. Trump,,"15,ÑĞ½Ğ²Ğ°Ñ€Ñ,Ğ²,23:36","Democrats used to support funding for border security, but now they've changed their minds. POLITICS!","6,2Â Ñ‚Ñ‹Ñ.","5,2Â Ñ‚Ñ‹Ñ.",212,457,64,69,155,ĞšĞ¾Ğ¼Ğ¼ĞµĞ½Ñ‚Ğ°Ñ€Ğ¸Ğ¸: 1Â 325,/story.php?story_fbid=10162033345325725&id=153080620724
Donald J. Trump,,"15,ÑĞ½Ğ²Ğ°Ñ€Ñ,Ğ²,19:11","Volkswagen will be investing $800 million to build electric cars in the U.S. Congratulations to Chattanooga, Tennessee. A BIG WIN!",111Â Ñ‚Ñ‹Ñ.,100Â Ñ‚Ñ‹Ñ.,411,"8,6Â Ñ‚Ñ‹Ñ.","1,8Â Ñ‚Ñ‹Ñ.",48,89,ĞšĞ¾Ğ¼Ğ¼ĞµĞ½Ñ‚Ğ°Ñ€Ğ¸Ğ¸: 4Â 323,/story.php?story_fbid=10162033385475725&id=153080620724
Donald J. Trump,,"15,ÑĞ½Ğ²Ğ°Ñ€Ñ,Ğ²,02:57",There is a massive humanitarian crisis at our southern border â€“ even 71% of Democrats agree. You need GREAT border security!,50Â Ñ‚Ñ‹Ñ.,43Â Ñ‚Ñ‹Ñ.,"1,2Â Ñ‚Ñ‹Ñ.","4,5Â Ñ‚Ñ‹Ñ.",183,59,182,ĞšĞ¾Ğ¼Ğ¼ĞµĞ½Ñ‚Ğ°Ñ€Ğ¸Ğ¸: 7Â 841,/story.php?story_fbid=10162018438245725&id=153080620724
"Donald J. Trump,The White House",The White House,"14,ÑĞ½Ğ²Ğ°Ñ€Ñ,Ğ²,23:45",WATCH LIVE: President Trump Delivers Remarks at the American Farm Bureau Federation's 100th Annual Convention,12Â Ñ‚Ñ‹Ñ.,10Â Ñ‚Ñ‹Ñ.,253,"2,2Â Ñ‚Ñ‹Ñ.",33,15,63,ĞšĞ¾Ğ¼Ğ¼ĞµĞ½Ñ‚Ğ°Ñ€Ğ¸Ğ¸: 1Â 397,/story.php?story_fbid=10162030122680725&id=153080620724
Donald J. Trump,,"15,ÑĞ½Ğ²Ğ°Ñ€Ñ,Ğ²,00:30",We cannot sit by while the border crisis gets worse. Republicans are ROCK SOLID on a border wall â€“ Democrats have to do something!,39Â Ñ‚Ñ‹Ñ.,33Â Ñ‚Ñ‹Ñ.,800,"4,9Â Ñ‚Ñ‹Ñ.",65,26,147,ĞšĞ¾Ğ¼Ğ¼ĞµĞ½Ñ‚Ğ°Ñ€Ğ¸Ğ¸: 6Â 570,/story.php?story_fbid=10162030174870725&id=153080620724
Donald J. Trump,,"14,ÑĞ½Ğ²Ğ°Ñ€Ñ,Ğ²,21:02","The people are with us 100%.  Nobody wants criminals, gangs, and drugs pouring into their country!",53Â Ñ‚Ñ‹Ñ.,45Â Ñ‚Ñ‹Ñ.,898,"6,9Â Ñ‚Ñ‹Ñ.",66,23,155,ĞšĞ¾Ğ¼Ğ¼ĞµĞ½Ñ‚Ğ°Ñ€Ğ¸Ğ¸: 7Â 028,/story.php?story_fbid=10162018416865725&id=153080620724
Donald J. Trump,,"15,ÑĞ½Ğ²Ğ°Ñ€Ñ,Ğ²,17:01","President Donald J. Trumpâ€™s schedule for Tuesday, January 15th: Â· Lunch with Members of Congress Â· Briefing call on the border crisis with State, local, and community leaders",15Â Ñ‚Ñ‹Ñ.,12Â Ñ‚Ñ‹Ñ.,362,"1,7Â Ñ‚Ñ‹Ñ.",37,10,56,ĞšĞ¾Ğ¼Ğ¼ĞµĞ½Ñ‚Ğ°Ñ€Ğ¸Ğ¸: 3Â 251,/story.php?story_fbid=10162033055985725&id=153080620724
Donald J. Trump,,"13,ÑĞ½Ğ²Ğ°Ñ€Ñ,Ğ²,03:09",Ending the border crisis with a barrier or border wall that is PROVEN to work is just common sense!,63Â Ñ‚Ñ‹Ñ.,55Â Ñ‚Ñ‹Ñ.,"1,1Â Ñ‚Ñ‹Ñ.","6,6Â Ñ‚Ñ‹Ñ.",79,28,158,ĞšĞ¾Ğ¼Ğ¼ĞµĞ½Ñ‚Ğ°Ñ€Ğ¸Ğ¸: 9Â 420,/story.php?story_fbid=10162018370340725&id=153080620724
Donald J. Trump,,"12,ÑĞ½Ğ²Ğ°Ñ€Ñ,Ğ²,05:13",This is the tragic reality of illegal immigration on our southern border.  This is the cycle of human suffering I am determined to END.,68Â Ñ‚Ñ‹Ñ.,57Â Ñ‚Ñ‹Ñ.,732,6Â Ñ‚Ñ‹Ñ.,"2,2Â Ñ‚Ñ‹Ñ.","1,2Â Ñ‚Ñ‹Ñ.",935,ĞšĞ¾Ğ¼Ğ¼ĞµĞ½Ñ‚Ğ°Ñ€Ğ¸Ğ¸: 10Â 043,/story.php?story_fbid=10162018365330725&id=153080620724
Donald J. Trump,,"11,ÑĞ½Ğ²Ğ°Ñ€Ñ,Ğ²,21:14","In life, there are certain principles worth fighting for â€“ principles that are more important than politics, party, or personal convenience... The safety and security and sovereignty of the United States is the most important principle of all.",49Â Ñ‚Ñ‹Ñ.,40Â Ñ‚Ñ‹Ñ.,811,8Â Ñ‚Ñ‹Ñ.,64,15,124,ĞšĞ¾Ğ¼Ğ¼ĞµĞ½Ñ‚Ğ°Ñ€Ğ¸Ğ¸: 6Â 463,/story.php?story_fbid=10162013523575725&id=153080620724
Donald J. Trump,,"11,ÑĞ½Ğ²Ğ°Ñ€Ñ,Ğ²,19:14","I will never back down when it comes to fighting for the security of the American people. The Democrats and mainstream media know we need strong border security, but they don't want to give ""Trump"" another win!",22Â Ñ‚Ñ‹Ñ.,19Â Ñ‚Ñ‹Ñ.,606,"2,7Â Ñ‚Ñ‹Ñ.",47,55,125,ĞšĞ¾Ğ¼Ğ¼ĞµĞ½Ñ‚Ğ°Ñ€Ğ¸Ğ¸: 3Â 785,/story.php?story_fbid=10162012286840725&id=153080620724
Donald J. Trump,,"11,ÑĞ½Ğ²Ğ°Ñ€Ñ,Ğ²,23:27","The Fake News Media keeps saying we havenâ€™t built any NEW WALL. Below is a section just completed on the border. Anti-climbing feature included. Very high, strong and beautiful! Also, many miles already renovated and in service!",129Â Ñ‚Ñ‹Ñ.,107Â Ñ‚Ñ‹Ñ.,"2,3Â Ñ‚Ñ‹Ñ.",18Â Ñ‚Ñ‹Ñ.,566,43,207,ĞšĞ¾Ğ¼Ğ¼ĞµĞ½Ñ‚Ğ°Ñ€Ğ¸Ğ¸: 14Â 852,/story.php?story_fbid=10162017260345725&id=153080620724
"Donald J. Trump,The White House",The White House,"11,ÑĞ½Ğ²Ğ°Ñ€Ñ,Ğ²,04:07",From the Southern Border....Ğ¡ Ğ®Ğ¶Ğ½Ğ¾Ğ¹ Ğ³Ñ€Ğ°Ğ½Ğ¸Ñ†Ñ‹....President Donald J. Trump - from the Southern Border....,83Â Ñ‚Ñ‹Ñ.,69Â Ñ‚Ñ‹Ñ.,971,12Â Ñ‚Ñ‹Ñ.,108,20,138,ĞšĞ¾Ğ¼Ğ¼ĞµĞ½Ñ‚Ğ°Ñ€Ğ¸Ğ¸: 5Â 842,/story.php?story_fbid=10162014260490725&id=153080620724
Donald J. Trump,,"11,ÑĞ½Ğ²Ğ°Ñ€Ñ,Ğ²,02:48","During the campaign, I said Mexico is going to pay for the wall, and they are. They are paying for it through the many billions of dollars a year that the U.S. is saving with the incredible USMCA trade deal!",44Â Ñ‚Ñ‹Ñ.,36Â Ñ‚Ñ‹Ñ.,2Â Ñ‚Ñ‹Ñ.,"5,6Â Ñ‚Ñ‹Ñ.",99,21,159,ĞšĞ¾Ğ¼Ğ¼ĞµĞ½Ñ‚Ğ°Ñ€Ğ¸Ğ¸: 6Â 953,/story.php?story_fbid=10162013874095725&id=153080620724
Donald J. Trump,,"11,ÑĞ½Ğ²Ğ°Ñ€Ñ,Ğ²,00:47",This is about whether we fulfill our sacred duty to the American citizens we serve.,35Â Ñ‚Ñ‹Ñ.,29Â Ñ‚Ñ‹Ñ.,753,"4,8Â Ñ‚Ñ‹Ñ.",44,20,111,ĞšĞ¾Ğ¼Ğ¼ĞµĞ½Ñ‚Ğ°Ñ€Ğ¸Ğ¸: 4Â 398,/story.php?story_fbid=10162012867870725&id=153080620724
Donald J. Trump,,"11,ÑĞ½Ğ²Ğ°Ñ€Ñ,Ğ²,17:00","President Donald J. Trumpâ€™s schedule for Friday, January 11th: Â· Roundtable discussion on border security and safe communities with State, local, and community leaders",14Â Ñ‚Ñ‹Ñ.,12Â Ñ‚Ñ‹Ñ.,387,"1,8Â Ñ‚Ñ‹Ñ.",25,14,60,ĞšĞ¾Ğ¼Ğ¼ĞµĞ½Ñ‚Ğ°Ñ€Ğ¸Ğ¸: 2Â 923,/story.php?story_fbid=10162015330180725&id=153080620724
Donald J. Trump,,"11,ÑĞ½Ğ²Ğ°Ñ€Ñ,Ğ²,05:02","""The American people want border security, not continued obstructionism. If the Democrats truly care about border security, they should immediately fund the border wall."" - Dan Bongino",53Â Ñ‚Ñ‹Ñ.,47Â Ñ‚Ñ‹Ñ.,954,"5,2Â Ñ‚Ñ‹Ñ.",63,20,167,ĞšĞ¾Ğ¼Ğ¼ĞµĞ½Ñ‚Ğ°Ñ€Ğ¸Ğ¸: 6Â 691,/story.php?story_fbid=10162010332300725&id=153080620724
Donald J. Trump,,"10,ÑĞ½Ğ²Ğ°Ñ€Ñ,Ğ²,17:15","Our country is doing so well in so many ways â€“ great jobs numbers, rebuilding our military, taking care of veterans, strong economy, historic tax cuts, slashed regulations, and great trade deals. But we MUST fix our Southern Border!",27Â Ñ‚Ñ‹Ñ.,22Â Ñ‚Ñ‹Ñ.,561,"3,6Â Ñ‚Ñ‹Ñ.",38,20,100,ĞšĞ¾Ğ¼Ğ¼ĞµĞ½Ñ‚Ğ°Ñ€Ğ¸Ğ¸: 3Â 599,/story.php?story_fbid=10162010289920725&id=153080620724
"Donald J. Trump,Charlie Kirk",Charlie Kirk,"10,ÑĞ½Ğ²Ğ°Ñ€Ñ,Ğ²,23:07","BUILD THE WALL!ĞŸĞ¾ÑÑ‚Ñ€Ğ¾Ğ¹ ÑÑ‚ĞµĞ½Ñƒ!We are not a nation without a border. Every day we leave our borders open, we let drugs, crime, and human traffickers flow freely in and out of our country FACT: 95% of Border Patrol agents when surveyed support the wall Let's make their jobs easier. BUILD THE WALL!",104Â Ñ‚Ñ‹Ñ.,90Â Ñ‚Ñ‹Ñ.,847,12Â Ñ‚Ñ‹Ñ.,265,44,173,ĞšĞ¾Ğ¼Ğ¼ĞµĞ½Ñ‚Ğ°Ñ€Ğ¸Ğ¸: 6Â 295,/story.php?story_fbid=10162013146790725&id=153080620724
Donald J. Trump,,"10,ÑĞ½Ğ²Ğ°Ñ€Ñ,Ğ²,19:00",79 percent of voters believe there is either a â€œcrisisâ€ or â€œproblemâ€ at our Southern Border!,40Â Ñ‚Ñ‹Ñ.,36Â Ñ‚Ñ‹Ñ.,810,"2,8Â Ñ‚Ñ‹Ñ.",149,62,149,ĞšĞ¾Ğ¼Ğ¼ĞµĞ½Ñ‚Ğ°Ñ€Ğ¸Ğ¸: 6Â 210,/story.php?story_fbid=10162012191145725&id=153080620724
Donald J. Trump,,"10,ÑĞ½Ğ²Ğ°Ñ€Ñ,Ğ²,21:50","â€ªPresident Obama, thank you for your great support â€“ I have been saying this all along!â€¬",108Â Ñ‚Ñ‹Ñ.,79Â Ñ‚Ñ‹Ñ.,19Â Ñ‚Ñ‹Ñ.,"8,6Â Ñ‚Ñ‹Ñ.",858,55,455,ĞšĞ¾Ğ¼Ğ¼ĞµĞ½Ñ‚Ğ°Ñ€Ğ¸Ğ¸: 9Â 193,/story.php?story_fbid=10162012848980725&id=153080620724
Donald J. Trump,,"10,ÑĞ½Ğ²Ğ°Ñ€Ñ,Ğ²,16:00","President Donald J. Trump's schedule for Thursday, January 10th: Â· Travel to McAllen, TX  Â· Roundtable on immigration and border security  Â· Briefing on border security Â· Travel to Washington, D.C.",17Â Ñ‚Ñ‹Ñ.,14Â Ñ‚Ñ‹Ñ.,320,"2,4Â Ñ‚Ñ‹Ñ.",35,9,46,ĞšĞ¾Ğ¼Ğ¼ĞµĞ½Ñ‚Ğ°Ñ€Ğ¸Ğ¸: 2Â 889,/story.php?story_fbid=10162010936285725&id=153080620724
Donald J. Trump,,"10,ÑĞ½Ğ²Ğ°Ñ€Ñ,Ğ²,03:37",Some have suggested a barrier is immoralâ€¦ The only thing that is immoral is the politicians to do NOTHING and continue to allow more innocent people to be so horribly victimized.,42Â Ñ‚Ñ‹Ñ.,36Â Ñ‚Ñ‹Ñ.,673,"5,8Â Ñ‚Ñ‹Ñ.",65,63,167,ĞšĞ¾Ğ¼Ğ¼ĞµĞ½Ñ‚Ğ°Ñ€Ğ¸Ğ¸: 7Â 145,/story.php?story_fbid=10162009067950725&id=153080620724
Donald J. Trump,,"9,ÑĞ½Ğ²Ğ°Ñ€Ñ,Ğ²,22:52","America First, always.",92Â Ñ‚Ñ‹Ñ.,72Â Ñ‚Ñ‹Ñ.,"1,2Â Ñ‚Ñ‹Ñ.",18Â Ñ‚Ñ‹Ñ.,101,26,118,ĞšĞ¾Ğ¼Ğ¼ĞµĞ½Ñ‚Ğ°Ñ€Ğ¸Ğ¸: 7Â 314,/story.php?story_fbid=10162008667860725&id=153080620724
Donald J. Trump,,"10,ÑĞ½Ğ²Ğ°Ñ€Ñ,Ğ²,00:50",The Border Wall would very quickly PAY FOR ITSELF. The cost of illegal drugs exceeds $500 billion dollars a year â€“ vastly more than the $5.7 billion dollars we have requested from Congress.,41Â Ñ‚Ñ‹Ñ.,34Â Ñ‚Ñ‹Ñ.,845,"5,3Â Ñ‚Ñ‹Ñ.",69,29,135,ĞšĞ¾Ğ¼Ğ¼ĞµĞ½Ñ‚Ğ°Ñ€Ğ¸Ğ¸: 6Â 168,/story.php?story_fbid=10162008335065725&id=153080620724
Donald J. Trump,,"10,ÑĞ½Ğ²Ğ°Ñ€Ñ,Ğ²,01:42","Just left a meeting with Chuck and Nancy, a total waste of time. I asked what is going to happen in 30 days if I quickly open things up, are you going to approve Border Security which includes a Wall or Steel Barrier? Nancy said, NO. I said bye-bye, nothing else works!",270Â Ñ‚Ñ‹Ñ.,213Â Ñ‚Ñ‹Ñ.,14Â Ñ‚Ñ‹Ñ.,35Â Ñ‚Ñ‹Ñ.,"1,7Â Ñ‚Ñ‹Ñ.","1,6Â Ñ‚Ñ‹Ñ.",3Â Ñ‚Ñ‹Ñ.,ĞšĞ¾Ğ¼Ğ¼ĞµĞ½Ñ‚Ğ°Ñ€Ğ¸Ğ¸: 60Â 273,/story.php?story_fbid=10162009328160725&id=153080620724
Donald J. Trump,,"9,ÑĞ½Ğ²Ğ°Ñ€Ñ,Ğ²,20:57",The federal government remains shut down for one reason and one reason only: Because Democrats will not fund border security.,49Â Ñ‚Ñ‹Ñ.,41Â Ñ‚Ñ‹Ñ.,676,"5,8Â Ñ‚Ñ‹Ñ.",134,350,"1,6Â Ñ‚Ñ‹Ñ.",ĞšĞ¾Ğ¼Ğ¼ĞµĞ½Ñ‚Ğ°Ñ€Ğ¸Ğ¸: 9Â 248,/story.php?story_fbid=10162008271890725&id=153080620724
Donald J. Trump,,"9,ÑĞ½Ğ²Ğ°Ñ€Ñ,Ğ²,17:01","President Donald J. Trumpâ€™s schedule for Wednesday, January 9th: Â· Signing ceremony for Anti-Human Trafficking Legislation Â· Senate Republican policy lunch Â· Meeting with Congressional Leadership",18Â Ñ‚Ñ‹Ñ.,15Â Ñ‚Ñ‹Ñ.,302,"2,5Â Ñ‚Ñ‹Ñ.",41,9,40,ĞšĞ¾Ğ¼Ğ¼ĞµĞ½Ñ‚Ğ°Ñ€Ğ¸Ğ¸: 3Â 181,/story.php?story_fbid=10162007580470725&id=153080620724
Donald J. Trump,,"9,ÑĞ½Ğ²Ğ°Ñ€Ñ,Ğ²,09:24",To every Member of Congress: pass a bill that ends this crisis. To every citizen: call Congress and tell them to finally â€“ after all of these decades â€“ SECURE OUR BORDER.,62Â Ñ‚Ñ‹Ñ.,50Â Ñ‚Ñ‹Ñ.,1Â Ñ‚Ñ‹Ñ.,10Â Ñ‚Ñ‹Ñ.,92,75,182,ĞšĞ¾Ğ¼Ğ¼ĞµĞ½Ñ‚Ğ°Ñ€Ğ¸Ğ¸: 7Â 677,/story.php?story_fbid=10162006686215725&id=153080620724
"Donald J. Trump,The White House",The White House,"9,ÑĞ½Ğ²Ğ°Ñ€Ñ,Ğ²,07:01",WATCH LIVE as President Trump Addresses the Nation,51Â Ñ‚Ñ‹Ñ.,39Â Ñ‚Ñ‹Ñ.,729,11Â Ñ‚Ñ‹Ñ.,69,32,186,ĞšĞ¾Ğ¼Ğ¼ĞµĞ½Ñ‚Ğ°Ñ€Ğ¸Ğ¸: 6Â 276,/story.php?story_fbid=10162006138575725&id=153080620724
Donald J. Trump,,"9,ÑĞ½Ğ²Ğ°Ñ€Ñ,Ğ²,04:37","Whatâ€™s more important to the Democrats? Stopping me from fulfilling another one of my promises, or working together to secure the border? Americans want border security!",85Â Ñ‚Ñ‹Ñ.,75Â Ñ‚Ñ‹Ñ.,"1,2Â Ñ‚Ñ‹Ñ.","7,9Â Ñ‚Ñ‹Ñ.",90,72,234,ĞšĞ¾Ğ¼Ğ¼ĞµĞ½Ñ‚Ğ°Ñ€Ğ¸Ğ¸: 10Â 385,/story.php?story_fbid=10162004985085725&id=153080620724
Donald J. Trump,,"9,ÑĞ½Ğ²Ğ°Ñ€Ñ,Ğ²,01:53",We must PROTECT and DEFEND the United States. We have no choice.,118Â Ñ‚Ñ‹Ñ.,99Â Ñ‚Ñ‹Ñ.,"1,1Â Ñ‚Ñ‹Ñ.",17Â Ñ‚Ñ‹Ñ.,88,21,181,ĞšĞ¾Ğ¼Ğ¼ĞµĞ½Ñ‚Ğ°Ñ€Ğ¸Ğ¸: 8Â 993,/story.php?story_fbid=10162005076760725&id=153080620724
Donald J. Trump,,"8,ÑĞ½Ğ²Ğ°Ñ€Ñ,Ğ²,19:56","We created more than a quarter-million jobs last month. Employers are showing great confidence in our economy despite all the negativity coming from anti-Trump economic â€œexperts!""",20Â Ñ‚Ñ‹Ñ.,17Â Ñ‚Ñ‹Ñ.,479,"2,1Â Ñ‚Ñ‹Ñ.",51,10,56,ĞšĞ¾Ğ¼Ğ¼ĞµĞ½Ñ‚Ğ°Ñ€Ğ¸Ğ¸: 2Â 252,/story.php?story_fbid=10162000304070725&id=153080620724
Donald J. Trump,,"8,ÑĞ½Ğ²Ğ°Ñ€Ñ,Ğ²,01:28",Our latest jobs numbers are off the charts! Not even the mainstream media can ignore these incredible economic gains!,29Â Ñ‚Ñ‹Ñ.,24Â Ñ‚Ñ‹Ñ.,460,"4,4Â Ñ‚Ñ‹Ñ.",115,3,47,ĞšĞ¾Ğ¼Ğ¼ĞµĞ½Ñ‚Ğ°Ñ€Ğ¸Ğ¸: 3Â 059,/story.php?story_fbid=10162000852905725&id=153080620724
Donald J. Trump,,"8,ÑĞ½Ğ²Ğ°Ñ€Ñ,Ğ²,23:01","Illegal immigration costs our nation $275 BILLION a year, MILLIONS of jobs, and THOUSANDS of innocent lives. What is it going to take to finally secure our border?",62Â Ñ‚Ñ‹Ñ.,54Â Ñ‚Ñ‹Ñ.,1Â Ñ‚Ñ‹Ñ.,"6,3Â Ñ‚Ñ‹Ñ.",582,282,461,ĞšĞ¾Ğ¼Ğ¼ĞµĞ½Ñ‚Ğ°Ñ€Ğ¸Ğ¸: 9Â 823,/story.php?story_fbid=10162004527235725&id=153080620724
Donald J. Trump,,"8,ÑĞ½Ğ²Ğ°Ñ€Ñ,Ğ²,03:53",The Fake News Media is the Enemy of the People!,65Â Ñ‚Ñ‹Ñ.,56Â Ñ‚Ñ‹Ñ.,"1,4Â Ñ‚Ñ‹Ñ.","6,9Â Ñ‚Ñ‹Ñ.",113,121,355,ĞšĞ¾Ğ¼Ğ¼ĞµĞ½Ñ‚Ğ°Ñ€Ğ¸Ğ¸: 9Â 277,/story.php?story_fbid=10162001293050725&id=153080620724
Donald J. Trump,,"7,ÑĞ½Ğ²Ğ°Ñ€Ñ,Ğ²,22:59","We are now planning a steel barrier rather than concrete. Stronger, less obtrusive, and made in the U.S.A.",76Â Ñ‚Ñ‹Ñ.,62Â Ñ‚Ñ‹Ñ.,"1,8Â Ñ‚Ñ‹Ñ.",11Â Ñ‚Ñ‹Ñ.,173,35,184,ĞšĞ¾Ğ¼Ğ¼ĞµĞ½Ñ‚Ğ°Ñ€Ğ¸Ğ¸: 9Â 698,/story.php?story_fbid=10162000309830725&id=153080620724
Donald J. Trump,,"5,ÑĞ½Ğ²Ğ°Ñ€Ñ,Ğ²,05:03","Think of this: Democrats want $12 billion in addition to the $54 billion we give in foreign aid, but they wonâ€™t approve $5.6 billion for a wall.",96Â Ñ‚Ñ‹Ñ.,68Â Ñ‚Ñ‹Ñ.,1Â Ñ‚Ñ‹Ñ.,"2,9Â Ñ‚Ñ‹Ñ.","2,2Â Ñ‚Ñ‹Ñ.","3,5Â Ñ‚Ñ‹Ñ.",18Â Ñ‚Ñ‹Ñ.,ĞšĞ¾Ğ¼Ğ¼ĞµĞ½Ñ‚Ğ°Ñ€Ğ¸Ğ¸: 20Â 021,/story.php?story_fbid=10161988593545725&id=153080620724
Donald J. Trump,,"6,ÑĞ½Ğ²Ğ°Ñ€Ñ,Ğ²,22:40",,315Â Ñ‚Ñ‹Ñ.,237Â Ñ‚Ñ‹Ñ.,24Â Ñ‚Ñ‹Ñ.,51Â Ñ‚Ñ‹Ñ.,"1,1Â Ñ‚Ñ‹Ñ.",195,893,ĞšĞ¾Ğ¼Ğ¼ĞµĞ½Ñ‚Ğ°Ñ€Ğ¸Ğ¸: 31Â 747,/story.php?story_fbid=10161996092010725&id=153080620724
Donald J. Trump,,"5,ÑĞ½Ğ²Ğ°Ñ€Ñ,Ğ²,20:39",BOTTOM LINE: You cannot have REAL border security without the WALL. Look at all of the countries that have walls â€“ they work 100%!,55Â Ñ‚Ñ‹Ñ.,46Â Ñ‚Ñ‹Ñ.,"1,3Â Ñ‚Ñ‹Ñ.","7,2Â Ñ‚Ñ‹Ñ.",76,38,192,ĞšĞ¾Ğ¼Ğ¼ĞµĞ½Ñ‚Ğ°Ñ€Ğ¸Ğ¸: 10Â 400,/story.php?story_fbid=10161988641275725&id=153080620724
Donald J. Trump,,"7,ÑĞ½Ğ²Ğ°Ñ€Ñ,Ğ²,00:02",- Record number of employed Americans  - Average hourly earnings up 3.2% - Participation rate up to 63.1% - 'Trump-Era High' And we will do even better with new trade deals and all else!,54Â Ñ‚Ñ‹Ñ.,46Â Ñ‚Ñ‹Ñ.,709,"7,1Â Ñ‚Ñ‹Ñ.",184,13,81,ĞšĞ¾Ğ¼Ğ¼ĞµĞ½Ñ‚Ğ°Ñ€Ğ¸Ğ¸: 4Â 879,/story.php?story_fbid=10161996138495725&id=153080620724
Donald J. Trump,,"4,ÑĞ½Ğ²Ğ°Ñ€Ñ,Ğ²,03:00",This isn't just a border... This is EVERYTHING.,96Â Ñ‚Ñ‹Ñ.,80Â Ñ‚Ñ‹Ñ.,"1,7Â Ñ‚Ñ‹Ñ.",13Â Ñ‚Ñ‹Ñ.,133,43,215,ĞšĞ¾Ğ¼Ğ¼ĞµĞ½Ñ‚Ğ°Ñ€Ğ¸Ğ¸: 10Â 081,/story.php?story_fbid=10161984301930725&id=153080620724
Donald J. Trump,,"5,ÑĞ½Ğ²Ğ°Ñ€Ñ,Ğ²,01:01",JOBS JOBS JOBS!,57Â Ñ‚Ñ‹Ñ.,48Â Ñ‚Ñ‹Ñ.,810,"8,4Â Ñ‚Ñ‹Ñ.",312,18,81,ĞšĞ¾Ğ¼Ğ¼ĞµĞ½Ñ‚Ğ°Ñ€Ğ¸Ğ¸: 4Â 872,/story.php?story_fbid=10161987946495725&id=153080620724
Donald J. Trump,,"5,ÑĞ½Ğ²Ğ°Ñ€Ñ,Ğ²,02:58",We ended 2018 STRONG - best year for job creation since 2015!,62Â Ñ‚Ñ‹Ñ.,51Â Ñ‚Ñ‹Ñ.,"1,1Â Ñ‚Ñ‹Ñ.","9,1Â Ñ‚Ñ‹Ñ.",290,14,101,ĞšĞ¾Ğ¼Ğ¼ĞµĞ½Ñ‚Ğ°Ñ€Ğ¸Ğ¸: 5Â 468,/story.php?story_fbid=10161988383850725&id=153080620724
"Donald J. Trump,The White House",The White House,"4,ÑĞ½Ğ²Ğ°Ñ€Ñ,Ğ²,18:54",Build the wall.ĞŸĞ¾ÑÑ‚Ñ€Ğ¾Ğ¹ ÑÑ‚ĞµĞ½Ñƒ.,44Â Ñ‚Ñ‹Ñ.,36Â Ñ‚Ñ‹Ñ.,473,"3,5Â Ñ‚Ñ‹Ñ.",519,349,"2,9Â Ñ‚Ñ‹Ñ.",ĞšĞ¾Ğ¼Ğ¼ĞµĞ½Ñ‚Ğ°Ñ€Ğ¸Ğ¸: 8Â 455,/story.php?story_fbid=10161986620050725&id=153080620724
Donald J. Trump,,"3,ÑĞ½Ğ²Ğ°Ñ€Ñ,Ğ²,01:52","Democratsâ€™ immigration policies are reckless and extreme. They want totally open borders, which means drugs and crime will pour into our country.  We need a STRONG and SECURE Southern Border!",Ryan Moore Ğ¸ ĞµÑ‰Ñ‘ 49Â Ñ‚Ñ‹Ñ.,35Â Ñ‚Ñ‹Ñ.,618,"2,4Â Ñ‚Ñ‹Ñ.",728,995,"8,8Â Ñ‚Ñ‹Ñ.",ĞšĞ¾Ğ¼Ğ¼ĞµĞ½Ñ‚Ğ°Ñ€Ğ¸Ğ¸: 8Â 683,/story.php?story_fbid=10161980116010725&id=153080620724
Donald J. Trump,,"3,ÑĞ½Ğ²Ğ°Ñ€Ñ,Ğ²,22:09",We're in a shutdown because Democrats are worried about the 2020 presidential election. They know they canâ€™t win so they are going all out on the desperately needed wall and border security. PURELY POLITICS!,50Â Ñ‚Ñ‹Ñ.,43Â Ñ‚Ñ‹Ñ.,"1,3Â Ñ‚Ñ‹Ñ.","4,5Â Ñ‚Ñ‹Ñ.",248,444,909,ĞšĞ¾Ğ¼Ğ¼ĞµĞ½Ñ‚Ğ°Ñ€Ğ¸Ğ¸: 9Â 270,/story.php?story_fbid=10161983272460725&id=153080620724
Donald J. Trump,,"4,ÑĞ½Ğ²Ğ°Ñ€Ñ,Ğ²,00:33",We spend more in Afghanistan in ONE MONTH than what we're talking about spending on the wall.,86Â Ñ‚Ñ‹Ñ.,73Â Ñ‚Ñ‹Ñ.,645,"7,5Â Ñ‚Ñ‹Ñ.","3,9Â Ñ‚Ñ‹Ñ.",347,719,ĞšĞ¾Ğ¼Ğ¼ĞµĞ½Ñ‚Ğ°Ñ€Ğ¸Ğ¸: 8Â 447,/story.php?story_fbid=10161983697045725&id=153080620724
Donald J. Trump,,"2,ÑĞ½Ğ²Ğ°Ñ€Ñ,Ğ²,22:00","Weâ€™ve done so much to advance the America First agenda â€“ we canâ€™t let our progress go to waste. This year, itâ€™s more important than ever that we continue the FIGHT to Make America Great Again!",Ryan Moore Ğ¸ ĞµÑ‰Ñ‘ 19Â Ñ‚Ñ‹Ñ.,16Â Ñ‚Ñ‹Ñ.,516,"2,4Â Ñ‚Ñ‹Ñ.",28,9,62,ĞšĞ¾Ğ¼Ğ¼ĞµĞ½Ñ‚Ğ°Ñ€Ğ¸Ğ¸: 2Â 489,/story.php?story_fbid=10161954786155725&id=153080620724
Donald J. Trump,,"3,ÑĞ½Ğ²Ğ°Ñ€Ñ,Ğ²,05:12","For FAR TOO LONG Senate Democrats have been obstructing more than 350 nominations. These great Americans left their jobs to serve our country, but canâ€™t because Democrats are blocking them, some for two years - HISTORIC record.",23Â Ñ‚Ñ‹Ñ.,15Â Ñ‚Ñ‹Ñ.,486,1Â Ñ‚Ñ‹Ñ.,570,559,"5,9Â Ñ‚Ñ‹Ñ.",ĞšĞ¾Ğ¼Ğ¼ĞµĞ½Ñ‚Ğ°Ñ€Ğ¸Ğ¸: 4Â 020,/story.php?story_fbid=10161980262725725&id=153080620724
Donald J. Trump,,"3,ÑĞ½Ğ²Ğ°Ñ€Ñ,Ğ²,09:25","Here we go with Mitt Romney, but so fast! Question will be, is he a Flake?  I hope not. Would much prefer that Mitt focus on Border Security and so many other things where he can be helpful. I won big, and he didnâ€™t. He should be happy for all Republicans. Be a TEAM player & WIN!",54Â Ñ‚Ñ‹Ñ.,47Â Ñ‚Ñ‹Ñ.,"1,9Â Ñ‚Ñ‹Ñ.","4,8Â Ñ‚Ñ‹Ñ.",150,89,208,ĞšĞ¾Ğ¼Ğ¼ĞµĞ½Ñ‚Ğ°Ñ€Ğ¸Ğ¸: 7Â 443,/story.php?story_fbid=10161981508160725&id=153080620724
Donald J. Trump,,"1,ÑĞ½Ğ²Ğ°Ñ€Ñ,Ğ²,23:17","We hope everyone has a very safe, prosperous, and Happy New Year!",55Â Ñ‚Ñ‹Ñ.,46Â Ñ‚Ñ‹Ñ.,509,"8,7Â Ñ‚Ñ‹Ñ.",71,17,87,ĞšĞ¾Ğ¼Ğ¼ĞµĞ½Ñ‚Ğ°Ñ€Ğ¸Ğ¸: 5Â 804,/story.php?story_fbid=10161937226240725&id=153080620724
